410001;Szókincs-tár ;Vocabulary Bank;[sound:NewEnglishFileIntHU410001A.mp3];x;1A
410002;Ételek és éttermek ;Food and restaurants;[sound:NewEnglishFileIntHU410002A.mp3];x;1A
410003;sült  (adj);baked;[sound:NewEnglishFileIntHU410003A.mp3];x;1A
410004;bab ;beans;[sound:NewEnglishFileIntHU410004A.mp3];x;1A
410005;főtt  (adj);boiled;[sound:NewEnglishFileIntHU410005A.mp3];x;1A
410006;desszert ;dessert;[sound:NewEnglishFileIntHU410006A.mp3];x;1A
410007;kacsa ;duck;[sound:NewEnglishFileIntHU410007A.mp3];x;1A
410008;hal ;fish;[sound:NewEnglishFileIntHU410008A.mp3];x;1A
410009;villa ;fork;[sound:NewEnglishFileIntHU410009A.mp3];x;1A
410010;friss ;fresh;[sound:NewEnglishFileIntHU410010A.mp3];x;1A
410011;sült (olajban, serpenyőben)  (adj);fried;[sound:NewEnglishFileIntHU410011A.mp3];x;1A
410012;mélyhűtött, fagyasztott ;frozen;[sound:NewEnglishFileIntHU410012A.mp3];x;1A
410013;gyümölcs ;fruit;[sound:NewEnglishFileIntHU410013A.mp3];x;1A
410014;pohár ;glass;[sound:NewEnglishFileIntHU410014A.mp3];x;1A
410015;grill, grillezett  (adj);grilled;[sound:NewEnglishFileIntHU410015A.mp3];x;1A
410016;házi (készítésű) ;home-made;[sound:NewEnglishFileIntHU410016A.mp3];x;1A
410017;kés ;knife;[sound:NewEnglishFileIntHU410017A.mp3];x;1A
410018;fejes saláta ;lettuce;[sound:NewEnglishFileIntHU410018A.mp3];x;1A
410019;sovány, alacsony zsírtartalmú ;low-fat;[sound:NewEnglishFileIntHU410019A.mp3];x;1A
410020;főétel ;main course;[sound:NewEnglishFileIntHU410020A.mp3];x;1A
410021;hús ;meat;[sound:NewEnglishFileIntHU410021A.mp3];x;1A
410022;szalvéta ;napkin;[sound:NewEnglishFileIntHU410022A.mp3];x;1A
410023;őszibarack ;peach;[sound:NewEnglishFileIntHU410023A.mp3];x;1A
410024;bors ;pepper;[sound:NewEnglishFileIntHU410024A.mp3];x;1A
410025;tányér ;plate;[sound:NewEnglishFileIntHU410025A.mp3];x;1A
410026;garnélarák ;prawn;[sound:NewEnglishFileIntHU410026A.mp3];x;1A
410027;nyers ;raw;[sound:NewEnglishFileIntHU410027A.mp3];x;1A
410028;sült (sütőben vagy nyílt tűzön)  (adj);roast;[sound:NewEnglishFileIntHU410028A.mp3];x;1A
410029;lazac ;salmon;[sound:NewEnglishFileIntHU410029A.mp3];x;1A
410030;só ;salt;[sound:NewEnglishFileIntHU410030A.mp3];x;1A
410031;kolbász ;sausage;[sound:NewEnglishFileIntHU410031A.mp3];x;1A
410032;tenger gyümölcsei ;seafood;[sound:NewEnglishFileIntHU410032A.mp3];x;1A
410033;szalvéta ;serviette;[sound:NewEnglishFileIntHU410033A.mp3];x;1A
410034;fűszeres, erős ;spicy;[sound:NewEnglishFileIntHU410034A.mp3];x;1A
410035;kanál ;spoon;[sound:NewEnglishFileIntHU410035A.mp3];x;1A
410036;előétel ;starter;[sound:NewEnglishFileIntHU410036A.mp3];x;1A
410037;párolt, gőzben főtt  (adj);steamed;[sound:NewEnglishFileIntHU410037A.mp3];x;1A
410038;eper ;strawberry;[sound:NewEnglishFileIntHU410038A.mp3];x;1A
410039;édes ;sweet;[sound:NewEnglishFileIntHU410039A.mp3];x;1A
410040;elvitelre / elvihető étel / ill. ilyet árusító hely ;takeaway;[sound:NewEnglishFileIntHU410040A.mp3];x;1A
410041;zöldség ;vegetable;[sound:NewEnglishFileIntHU410041A.mp3];x;1A
410042;tál (mély) ;bowl;[sound:NewEnglishFileIntHU410042A.mp3];x;1A
410043;edény ;dish;[sound:NewEnglishFileIntHU410043A.mp3];x;1A
410044;étteremben étkezik ;eat out;[sound:NewEnglishFileIntHU410044A.mp3];x;1A
410045;zsír, zsíradék ;fat;[sound:NewEnglishFileIntHU410045A.mp3];x;1A
410046;felmelegít ;heat up;[sound:NewEnglishFileIntHU410046A.mp3];x;1A
410047;méz ;honey;[sound:NewEnglishFileIntHU410047A.mp3];x;1A
410048;adag ;portion;[sound:NewEnglishFileIntHU410048A.mp3];x;1A
410049;leves ;soup;[sound:NewEnglishFileIntHU410049A.mp3];x;1A
410050;ragu, pörkölt ;stew;[sound:NewEnglishFileIntHU410050A.mp3];x;1A
410051;teljes őrlésű  (adj);wholemeal;[sound:NewEnglishFileIntHU410051A.mp3];x;1A
410052;külföldön ;abroad;[sound:NewEnglishFileIntHU410052A.mp3];x;1A
410053;bevall, besimer ;admit;[sound:NewEnglishFileIntHU410053A.mp3];x;1A
410054;mennyiség ;amount;[sound:NewEnglishFileIntHU410054A.mp3];x;1A
410055;hangulat ;atmosphere;[sound:NewEnglishFileIntHU410055A.mp3];x;1A
410056;függ vmitől (pl. káros szenvedély) ;be addicted to something;[sound:NewEnglishFileIntHU410056A.mp3];x;1A
410057;méh ;bee;[sound:NewEnglishFileIntHU410057A.mp3];x;1A
410058;menza, munkahelyi étkezde ;canteen;[sound:NewEnglishFileIntHU410058A.mp3];x;1A
410059;gabonapehely, gabonaféle ;cereal;[sound:NewEnglishFileIntHU410059A.mp3];x;1A
410060;főszakács ;chef;[sound:NewEnglishFileIntHU410060A.mp3];x;1A
410061;kolléga, munkatárs ;colleague;[sound:NewEnglishFileIntHU410061A.mp3];x;1A
410062;lecsökkent vmit ;cut down on something;[sound:NewEnglishFileIntHU410062A.mp3];x;1A
410063;elhagy vmit ;cut something out;[sound:NewEnglishFileIntHU410063A.mp3];x;1A
410064;étrend ;diet;[sound:NewEnglishFileIntHU410064A.mp3];x;1A
410065;divatos ;fashionable;[sound:NewEnglishFileIntHU410065A.mp3];x;1A
410066;gyorsétel ;fast food;[sound:NewEnglishFileIntHU410066A.mp3];x;1A
410067;kedvenc ;favourite;[sound:NewEnglishFileIntHU410067A.mp3];x;1A
410068;rossz kedve van ;feel down;[sound:NewEnglishFileIntHU410068A.mp3];x;1A
410069;követ ;follow;[sound:NewEnglishFileIntHU410069A.mp3];x;1A
410070;üzemanyag ;fuel;[sound:NewEnglishFileIntHU410070A.mp3];x;1A
410071;egyre jobban érzi magát, gyógyul ;get better;[sound:NewEnglishFileIntHU410071A.mp3];x;1A
410072;egészséges ;healthy;[sound:NewEnglishFileIntHU410072A.mp3];x;1A
410073;éhes ;hungry;[sound:NewEnglishFileIntHU410073A.mp3];x;1A
410074;javul, javít ;improve;[sound:NewEnglishFileIntHU410074A.mp3];x;1A
410075;folyadék ;liquid;[sound:NewEnglishFileIntHU410075A.mp3];x;1A
410076;étkezés ;meal;[sound:NewEnglishFileIntHU410076A.mp3];x;1A
410077;hiányol, kihagy vmit ;miss something;[sound:NewEnglishFileIntHU410077A.mp3];x;1A
410078;növény ;plant;[sound:NewEnglishFileIntHU410078A.mp3];x;1A
410079;élvezet, szórakozás ;pleasure;[sound:NewEnglishFileIntHU410079A.mp3];x;1A
410080;ár ;price;[sound:NewEnglishFileIntHU410080A.mp3];x;1A
410081;megfelelő, kellő, helyénvaló ;proper;[sound:NewEnglishFileIntHU410081A.mp3];x;1A
410082;kocsma, söröző ;pub;[sound:NewEnglishFileIntHU410082A.mp3];x;1A
410083;mennyiség ;quantity;[sound:NewEnglishFileIntHU410083A.mp3];x;1A
410084;véres (egyben sült hús) ;rare;[sound:NewEnglishFileIntHU410084A.mp3];x;1A
410085;előfőzött, konyhakész  (adj);ready-cooked;[sound:NewEnglishFileIntHU410085A.mp3];x;1A
410086;ajánl ;recommend;[sound:NewEnglishFileIntHU410086A.mp3];x;1A
410087;saláta ;salad;[sound:NewEnglishFileIntHU410087A.mp3];x;1A
410088;szolgáltatás ;service;[sound:NewEnglishFileIntHU410088A.mp3];x;1A
410089;harapnivaló, tízórai, uzsonna ;snack;[sound:NewEnglishFileIntHU410089A.mp3];x;1A
410090;szigorú ;strict;[sound:NewEnglishFileIntHU410090A.mp3];x;1A
410091;édesszájú ;have a sweet tooth;[sound:NewEnglishFileIntHU410091A.mp3];x;1A
410092;tehetség ;talent;[sound:NewEnglishFileIntHU410092A.mp3];x;1A
410093;jellemző, tipikus ;typical;[sound:NewEnglishFileIntHU410093A.mp3];x;1A
410094;egészségtelen ;unhealthy;[sound:NewEnglishFileIntHU410094A.mp3];x;1A
410095;változatosság, sokféleség ;variety;[sound:NewEnglishFileIntHU410095A.mp3];x;1A
410096;vegetáriánus ;vegetarian;[sound:NewEnglishFileIntHU410096A.mp3];x;1A
410097;jól átsütött (hús) ;well done;[sound:NewEnglishFileIntHU410097A.mp3];x;1A
410098;elnyugatosodott ;westernized;[sound:NewEnglishFileIntHU410098A.mp3];x;1A
410099;aggódik vmi miatt ;worry about something;[sound:NewEnglishFileIntHU410099A.mp3];x;1A
410100;Sport ;Sport;[sound:NewEnglishFileIntHU410100A.mp3];x;1B
410101;legyőz, megver  (v);beat;[sound:NewEnglishFileIntHU410101A.mp3];x;1B
410102;kapitány ;captain;[sound:NewEnglishFileIntHU410102A.mp3];x;1B
410103;körpálya, körverseny ;circuit;[sound:NewEnglishFileIntHU410103A.mp3];x;1B
410104;edző ;coach ;[sound:NewEnglishFileIntHU410104A.mp3];x;1B
410105;(sport)pálya (pl. golf) ;course;[sound:NewEnglishFileIntHU410105A.mp3];x;1B
410106;(sport)pálya (pl. tenisz) ;court;[sound:NewEnglishFileIntHU410106A.mp3];x;1B
410107;döntetlen  (n);draw;[sound:NewEnglishFileIntHU410107A.mp3];x;1B
410108;rajongó ;fan;[sound:NewEnglishFileIntHU410108A.mp3];x;1B
410109;fitté válik ;get fit;[sound:NewEnglishFileIntHU410109A.mp3];x;1B
410110;megsérül ;get injured;[sound:NewEnglishFileIntHU410110A.mp3];x;1B
410111;veszít, elveszít ;lose;[sound:NewEnglishFileIntHU410111A.mp3];x;1B
410112;játéktér, focipálya ;pitch;[sound:NewEnglishFileIntHU410112A.mp3];x;1B
410113;játszik ;play;[sound:NewEnglishFileIntHU410113A.mp3];x;1B
410114;játékos ;player;[sound:NewEnglishFileIntHU410114A.mp3];x;1B
410115;medence ;pool;[sound:NewEnglishFileIntHU410115A.mp3];x;1B
410116;bíró ;referee;[sound:NewEnglishFileIntHU410116A.mp3];x;1B
410117;pontot szerez, gólt dob/rúg  (v);score;[sound:NewEnglishFileIntHU410117A.mp3];x;1B
410118;lejtő ;slope;[sound:NewEnglishFileIntHU410118A.mp3];x;1B
410119;néző ;spectator;[sound:NewEnglishFileIntHU410119A.mp3];x;1B
410120;stadion ;stadium;[sound:NewEnglishFileIntHU410120A.mp3];x;1B
410121;sportcsarnok ;sports hall;[sound:NewEnglishFileIntHU410121A.mp3];x;1B
410122;csapat ;team;[sound:NewEnglishFileIntHU410122A.mp3];x;1B
410123;futópálya ;track;[sound:NewEnglishFileIntHU410123A.mp3];x;1B
410124;edz ;train;[sound:NewEnglishFileIntHU410124A.mp3];x;1B
410125;bemelegítés ;warm up;[sound:NewEnglishFileIntHU410125A.mp3];x;1B
410126;nyer, megnyer ;win;[sound:NewEnglishFileIntHU410126A.mp3];x;1B
410127;betilt ;ban;[sound:NewEnglishFileIntHU410127A.mp3];x;1B
410128;karrier ;career;[sound:NewEnglishFileIntHU410128A.mp3];x;1B
410129;csal ;cheat;[sound:NewEnglishFileIntHU410129A.mp3];x;1B
410130;tömeg ;crowd;[sound:NewEnglishFileIntHU410130A.mp3];x;1B
410131;zsoké ;jockey;[sound:NewEnglishFileIntHU410131A.mp3];x;1B
410132;tiltakozik  (v);protest;[sound:NewEnglishFileIntHU410132A.mp3];x;1B
410133;verseny ;race;[sound:NewEnglishFileIntHU410133A.mp3];x;1B
410134;nyugdíjba megy ;retire;[sound:NewEnglishFileIntHU410134A.mp3];x;1B
410135;kard ;sword;[sound:NewEnglishFileIntHU410135A.mp3];x;1B
410136;tévé kommentátor ;TV commentator;[sound:NewEnglishFileIntHU410136A.mp3];x;1B
410137;baleset ;accident;[sound:NewEnglishFileIntHU410137A.mp3];x;1B
410138;hozzászokik, alkalmazkodik ;adjust;[sound:NewEnglishFileIntHU410138A.mp3];x;1B
410139;anekdota ;anecdote;[sound:NewEnglishFileIntHU410139A.mp3];x;1B
410140;híresség ;celebrity;[sound:NewEnglishFileIntHU410140A.mp3];x;1B
410141;biztat, éljenez, szurkol ;cheer;[sound:NewEnglishFileIntHU410141A.mp3];x;1B
410142;versenyez ;compete;[sound:NewEnglishFileIntHU410142A.mp3];x;1B
410143;bonyolult ;complicated;[sound:NewEnglishFileIntHU410143A.mp3];x;1B
410144;döntés ;decision;[sound:NewEnglishFileIntHU410144A.mp3];x;1B
410145;depresszió ;depression;[sound:NewEnglishFileIntHU410145A.mp3];x;1B
410146;hátrány ;disadvantage;[sound:NewEnglishFileIntHU410146A.mp3];x;1B
410147;rájön, felfedez ;discover;[sound:NewEnglishFileIntHU410147A.mp3];x;1B
410148;felfedezés ;discovery;[sound:NewEnglishFileIntHU410148A.mp3];x;1B
410149;szégyen ;disgrace;[sound:NewEnglishFileIntHU410149A.mp3];x;1B
410150;leejt vmit  (sth);drop;[sound:NewEnglishFileIntHU410150A.mp3];x;1B
410151;még  ;even;[sound:NewEnglishFileIntHU410151A.mp3];x;1B
410152;megvizsgál ;examine;[sound:NewEnglishFileIntHU410152A.mp3];x;1B
410153;kivétel ;exception;[sound:NewEnglishFileIntHU410153A.mp3];x;1B
410154;izgalmas ;exciting;[sound:NewEnglishFileIntHU410154A.mp3];x;1B
410155;élmény ;experience;[sound:NewEnglishFileIntHU410155A.mp3];x;1B
410156;kudarcot vall, megbukik ;fail;[sound:NewEnglishFileIntHU410156A.mp3];x;1B
410157;kudarc, sikertelenség ;failure;[sound:NewEnglishFileIntHU410157A.mp3];x;1B
410158;igazságos ;fair;[sound:NewEnglishFileIntHU410158A.mp3];x;1B
410159;megbotlik ;fall over;[sound:NewEnglishFileIntHU410159A.mp3];x;1B
410160;híres ;famous;[sound:NewEnglishFileIntHU410160A.mp3];x;1B
410161;szabálytalanság ;foul;[sound:NewEnglishFileIntHU410161A.mp3];x;1B
410162;csillogás ;glamour;[sound:NewEnglishFileIntHU410162A.mp3];x;1B
410163;veszteség ;loss;[sound:NewEnglishFileIntHU410163A.mp3];x;1B
410164;választható ;optional;[sound:NewEnglishFileIntHU410164A.mp3];x;1B
410165;fájdalom ;pain;[sound:NewEnglishFileIntHU410165A.mp3];x;1B
410166;részben ;partly;[sound:NewEnglishFileIntHU410166A.mp3];x;1B
410167;csúcs ;peak;[sound:NewEnglishFileIntHU410167A.mp3];x;1B
410168;kiválaszt ;pick;[sound:NewEnglishFileIntHU410168A.mp3];x;1B
410169;testnevelés ;physical education;[sound:NewEnglishFileIntHU410169A.mp3];x;1B
410170;"színlel; úgy tesz, mintha ";pretend;[sound:NewEnglishFileIntHU410170A.mp3];x;1B
410171;profi, hivatásos ;professional;[sound:NewEnglishFileIntHU410171A.mp3];x;1B
410172;elismerés ;recognition;[sound:NewEnglishFileIntHU410172A.mp3];x;1B
410173;felgyógyul ;recover;[sound:NewEnglishFileIntHU410173A.mp3];x;1B
410174;visszavonulás, nyugdíj ;retirement;[sound:NewEnglishFileIntHU410174A.mp3];x;1B
410175;kiválik, kiemelkedik ;stand out;[sound:NewEnglishFileIntHU410175A.mp3];x;1B
410176;megérint ;touch;[sound:NewEnglishFileIntHU410176A.mp3];x;1B
410177;trófea ;trophy;[sound:NewEnglishFileIntHU410177A.mp3];x;1B
410178;Személyiség ;Personality;[sound:NewEnglishFileIntHU410178A.mp3];x;1C
410179;érzelmes  ;affectionate;[sound:NewEnglishFileIntHU410179A.mp3];x;1C
410180;agresszív ;aggressive;[sound:NewEnglishFileIntHU410180A.mp3];x;1C
410181;törekvő, nagyravágyó ;ambitious;[sound:NewEnglishFileIntHU410181A.mp3];x;1C
410182;parancsolgató, főnökösködő ;bossy;[sound:NewEnglishFileIntHU410182A.mp3];x;1C
410183;elbűvölő ;charming;[sound:NewEnglishFileIntHU410183A.mp3];x;1C
410184;okos ;clever;[sound:NewEnglishFileIntHU410184A.mp3];x;1C
410185;versenyszellemű ;competitive;[sound:NewEnglishFileIntHU410185A.mp3];x;1C
410186;tisztességtelen, nem becsületes ;dishonest;[sound:NewEnglishFileIntHU410186A.mp3];x;1C
410187;rendezetlen  (adj);disorganized;[sound:NewEnglishFileIntHU410187A.mp3];x;1C
410188;extrovertált, kifelé forduló ;extrovert;[sound:NewEnglishFileIntHU410188A.mp3];x;1C
410189;barátságos ;friendly;[sound:NewEnglishFileIntHU410189A.mp3];x;1C
410190;nagylelkű, bőkezű ;generous;[sound:NewEnglishFileIntHU410190A.mp3];x;1C
410191;szorgalmas  ;hard-working;[sound:NewEnglishFileIntHU410191A.mp3];x;1C
410192;becsületes, őszinte ;honest;[sound:NewEnglishFileIntHU410192A.mp3];x;1C
410193;fantáziadús, gazdag a képzelőereje ;imaginative;[sound:NewEnglishFileIntHU410193A.mp3];x;1C
410194;türelmetlen ;impatient;[sound:NewEnglishFileIntHU410194A.mp3];x;1C
410195;független ;independent;[sound:NewEnglishFileIntHU410195A.mp3];x;1C
410196;bizonytalan ;insecure;[sound:NewEnglishFileIntHU410196A.mp3];x;1C
410197;érzéketlen ;insensitive;[sound:NewEnglishFileIntHU410197A.mp3];x;1C
410198;felelőtlen ;irresponsible;[sound:NewEnglishFileIntHU410198A.mp3];x;1C
410199;féltékeny ;jealous;[sound:NewEnglishFileIntHU410199A.mp3];x;1C
410200;kedves ;kind;[sound:NewEnglishFileIntHU410200A.mp3];x;1C
410201;lusta ;lazy;[sound:NewEnglishFileIntHU410201A.mp3];x;1C
410202;másokat befolyásoló ;manipulative;[sound:NewEnglishFileIntHU410202A.mp3];x;1C
410203;zsugori, kicsinyes ;mean;[sound:NewEnglishFileIntHU410203A.mp3];x;1C
410204;szeszélyes ;moody;[sound:NewEnglishFileIntHU410204A.mp3];x;1C
410205;rendezett  (adj);organized;[sound:NewEnglishFileIntHU410205A.mp3];x;1C
410206;türelmes ;patient;[sound:NewEnglishFileIntHU410206A.mp3];x;1C
410207;csendes ;quiet;[sound:NewEnglishFileIntHU410207A.mp3];x;1C
410208;megbízható ;reliable;[sound:NewEnglishFileIntHU410208A.mp3];x;1C
410209;felelősségteljes, felelős ;responsible;[sound:NewEnglishFileIntHU410209A.mp3];x;1C
410210;magabiztos ;self-confident;[sound:NewEnglishFileIntHU410210A.mp3];x;1C
410211;önző ;selfish;[sound:NewEnglishFileIntHU410211A.mp3];x;1C
410212;értelmes ;sensible;[sound:NewEnglishFileIntHU410212A.mp3];x;1C
410213;érzékeny ;sensitive;[sound:NewEnglishFileIntHU410213A.mp3];x;1C
410214;félénk, gátlásos ;shy;[sound:NewEnglishFileIntHU410214A.mp3];x;1C
410215;társaságkedvelő ;sociable;[sound:NewEnglishFileIntHU410215A.mp3];x;1C
410216;elkényeztetett ;spoilt;[sound:NewEnglishFileIntHU410216A.mp3];x;1C
410217;buta, hülye ;stupid;[sound:NewEnglishFileIntHU410217A.mp3];x;1C
410218;bőbeszédű ;talkative;[sound:NewEnglishFileIntHU410218A.mp3];x;1C
410219;rendes ;tidy;[sound:NewEnglishFileIntHU410219A.mp3];x;1C
410220;nincsenek nagy céljai, nem becsvágyó ;unambitious;[sound:NewEnglishFileIntHU410220A.mp3];x;1C
410221;barátságtalan ;unfriendly;[sound:NewEnglishFileIntHU410221A.mp3];x;1C
410222;fantáziátlan, szegényes a képzelőereje ;unimaginative;[sound:NewEnglishFileIntHU410222A.mp3];x;1C
410223;durva, barátságtalan ;unkind;[sound:NewEnglishFileIntHU410223A.mp3];x;1C
410224;megbízhatatlan ;unreliable;[sound:NewEnglishFileIntHU410224A.mp3];x;1C
410225;önzetlen ;unselfish;[sound:NewEnglishFileIntHU410225A.mp3];x;1C
410226;társaságkerülő ;unsociable;[sound:NewEnglishFileIntHU410226A.mp3];x;1C
410227;rendetlen ;untidy;[sound:NewEnglishFileIntHU410227A.mp3];x;1C
410228;korkülönbség ;age gap;[sound:NewEnglishFileIntHU410228A.mp3];x;1C
410229;harap  (v);bite;[sound:NewEnglishFileIntHU410229A.mp3];x;1C
410230;felelősség  (n);blame;[sound:NewEnglishFileIntHU410230A.mp3];x;1C
410231;közeli ;close;[sound:NewEnglishFileIntHU410231A.mp3];x;1C
410232;menő, divatos ;cool;[sound:NewEnglishFileIntHU410232A.mp3];x;1C
410233;generáció ;generation;[sound:NewEnglishFileIntHU410233A.mp3];x;1C
410234;gyerek, kölyök ;kid;[sound:NewEnglishFileIntHU410234A.mp3];x;1C
410235;kibékül ;make up (after an argument);[sound:NewEnglishFileIntHU410235A.mp3];x;1C
410236;megcsíp, belecsíp (ujjal)  (v);pinch;[sound:NewEnglishFileIntHU410236A.mp3];x;1C
410237;forma ;shape;[sound:NewEnglishFileIntHU410237A.mp3];x;1C
410238;vmi szerint ;according to;[sound:NewEnglishFileIntHU410238A.mp3];x;1C
410239;előny ;advantage;[sound:NewEnglishFileIntHU410239A.mp3];x;1C
410240;befolyásol, érint ;affect;[sound:NewEnglishFileIntHU410240A.mp3];x;1C
410241;borzalmas, rettenetes ;awful;[sound:NewEnglishFileIntHU410241A.mp3];x;1C
410242;kabát ;coat;[sound:NewEnglishFileIntHU410242A.mp3];x;1C
410243;pár ;couple (two people);[sound:NewEnglishFileIntHU410243A.mp3];x;1C
410244;unokatestvér ;cousin;[sound:NewEnglishFileIntHU410244A.mp3];x;1C
410245;ütközés, baleset  (n);crash;[sound:NewEnglishFileIntHU410245A.mp3];x;1C
410246;kritizál ;criticize somebody;[sound:NewEnglishFileIntHU410246A.mp3];x;1C
410247;süket ;deaf;[sound:NewEnglishFileIntHU410247A.mp3];x;1C
410248;megvéd ;defend somebody;[sound:NewEnglishFileIntHU410248A.mp3];x;1C
410249;biztosan ;definitely;[sound:NewEnglishFileIntHU410249A.mp3];x;1C
410250;leírás ;description;[sound:NewEnglishFileIntHU410250A.mp3];x;1C
410251;válás ;divorce;[sound:NewEnglishFileIntHU410251A.mp3];x;1C
410252;pénzt keres ;earn money;[sound:NewEnglishFileIntHU410252A.mp3];x;1C
410253;kiterjedt, széleskörű ;extended ;[sound:NewEnglishFileIntHU410253A.mp3];x;1C
410254;divatos ;fashionable;[sound:NewEnglishFileIntHU410254A.mp3];x;1C
410255;alapító ;founder;[sound:NewEnglishFileIntHU410255A.mp3];x;1C
410256;bőkezű ;generous;[sound:NewEnglishFileIntHU410256A.mp3];x;1C
410257;dédszülők ;great-grandparents;[sound:NewEnglishFileIntHU410257A.mp3];x;1C
410258;vendég ;guest;[sound:NewEnglishFileIntHU410258A.mp3];x;1C
410259;féltestvér (fiú) ;half-brother;[sound:NewEnglishFileIntHU410259A.mp3];x;1C
410260;rokonok (házasság révén, pl. após, anyós) ;in-laws;[sound:NewEnglishFileIntHU410260A.mp3];x;1C
410261;unokaöcs ;nephew;[sound:NewEnglishFileIntHU410261A.mp3];x;1C
410262;ideges ;nervous;[sound:NewEnglishFileIntHU410262A.mp3];x;1C
410263;unokahúg ;niece;[sound:NewEnglishFileIntHU410263A.mp3];x;1C
410264;a legszűkebb család: apa, anya, gyerekek ;nuclear family;[sound:NewEnglishFileIntHU410264A.mp3];x;1C
410265;felajánl ;offer;[sound:NewEnglishFileIntHU410265A.mp3];x;1C
410266;egyke ;only child;[sound:NewEnglishFileIntHU410266A.mp3];x;1C
410267;helyzet, pozíció ;position;[sound:NewEnglishFileIntHU410267A.mp3];x;1C
410268;jóslat, megérzés ;prediction;[sound:NewEnglishFileIntHU410268A.mp3];x;1C
410269;ígéret  (n);promise;[sound:NewEnglishFileIntHU410269A.mp3];x;1C
410270;előléptet ;promote;[sound:NewEnglishFileIntHU410270A.mp3];x;1C
410271;kapcsolat ;relationship;[sound:NewEnglishFileIntHU410271A.mp3];x;1C
410272;rokon  (n);relative ;[sound:NewEnglishFileIntHU410272A.mp3];x;1C
410273;kutatás ;research;[sound:NewEnglishFileIntHU410273A.mp3];x;1C
410274;találkozó ;reunion;[sound:NewEnglishFileIntHU410274A.mp3];x;1C
410275;egyszülős (család) ;single-parent (family);[sound:NewEnglishFileIntHU410275A.mp3];x;1C
410276;tüskés, süni- ;spiky;[sound:NewEnglishFileIntHU410276A.mp3];x;1C
410277;mostoha anya ;stepmother;[sound:NewEnglishFileIntHU410277A.mp3];x;1C
410278;még mindig ;still;[sound:NewEnglishFileIntHU410278A.mp3];x;1C
410279;tizenéves ;teenager;[sound:NewEnglishFileIntHU410279A.mp3];x;1C
410280;vékony ;thin;[sound:NewEnglishFileIntHU410280A.mp3];x;1C
410281;legfelső, legjobb ;top;[sound:NewEnglishFileIntHU410281A.mp3];x;1C
410282;igazság ;truth;[sound:NewEnglishFileIntHU410282A.mp3];x;1C
410283;széles ;wide;[sound:NewEnglishFileIntHU410283A.mp3];x;1C
410284;Szókincs-tár ;Vocabulary Bank;[sound:NewEnglishFileIntHU410284A.mp3];x;1C
410285;Pénz ;Money;[sound:NewEnglishFileIntHU410285A.mp3];x;2A
410286;ér valamennyit ;be worth;[sound:NewEnglishFileIntHU410286A.mp3];x;2A
410287;kölcsönkér ;borrow;[sound:NewEnglishFileIntHU410287A.mp3];x;2A
410288;nem engedheti meg magának ;can’t afford;[sound:NewEnglishFileIntHU410288A.mp3];x;2A
410289;bankjegy automata ;cash machine;[sound:NewEnglishFileIntHU410289A.mp3];x;2A
410290;felszámít, kér (pénzt)  (v);charge;[sound:NewEnglishFileIntHU410290A.mp3];x;2A
410291;érme, fémpénz ;coin;[sound:NewEnglishFileIntHU410291A.mp3];x;2A
410292;kerül valamennyibe  (v);cost;[sound:NewEnglishFileIntHU410292A.mp3];x;2A
410293;keres (pénzt) ;earn;[sound:NewEnglishFileIntHU410293A.mp3];x;2A
410294;örököl ;inherit;[sound:NewEnglishFileIntHU410294A.mp3];x;2A
410295;befektet ;invest;[sound:NewEnglishFileIntHU410295A.mp3];x;2A
410296;kölcsönad ;lend;[sound:NewEnglishFileIntHU410296A.mp3];x;2A
410297;kölcsön ;loan;[sound:NewEnglishFileIntHU410297A.mp3];x;2A
410298;jelzáloghitel (ingatlanra) ;mortgage;[sound:NewEnglishFileIntHU410298A.mp3];x;2A
410299;bankjegy ;note;[sound:NewEnglishFileIntHU410299A.mp3];x;2A
410300;tartozik ;owe;[sound:NewEnglishFileIntHU410300A.mp3];x;2A
410301;fizetés ;salary;[sound:NewEnglishFileIntHU410301A.mp3];x;2A
410302;megtakarít, félretesz ;save;[sound:NewEnglishFileIntHU410302A.mp3];x;2A
410303;kivesz (pénzt) ;take out;[sound:NewEnglishFileIntHU410303A.mp3];x;2A
410304;adó ;tax;[sound:NewEnglishFileIntHU410304A.mp3];x;2A
410305;pazarol ;waste;[sound:NewEnglishFileIntHU410305A.mp3];x;2A
410306;kivéve, azon kívül ;apart from;[sound:NewEnglishFileIntHU410306A.mp3];x;2A
410307;vki holmija, személyes tárgyai ;belongings;[sound:NewEnglishFileIntHU410307A.mp3];x;2A
410308;elajándékoz ;give away (money, etc.)  ;[sound:NewEnglishFileIntHU410308A.mp3];x;2A
410309;felhagy vmivel, abbhagy vmit (pl. dohányzást) ;give up (smoking)  ;[sound:NewEnglishFileIntHU410309A.mp3];x;2A
410310;birtokol  (v);own;[sound:NewEnglishFileIntHU410310A.mp3];x;2A
410311;alapít, létesít, létrehoz ;set up (a business);[sound:NewEnglishFileIntHU410311A.mp3];x;2A
410312;eldob ;throw away;[sound:NewEnglishFileIntHU410312A.mp3];x;2A
410313;fogkrém ;toothpaste;[sound:NewEnglishFileIntHU410313A.mp3];x;2A
410314;megérkezik, befut, megjelenik ;turn up (= appear, arrive)  ;[sound:NewEnglishFileIntHU410314A.mp3];x;2A
410315;gazdag, tehetős ;wealthy;[sound:NewEnglishFileIntHU410315A.mp3];x;2A
410316;hozzávetőleg, körülbelül ;approximately;[sound:NewEnglishFileIntHU410316A.mp3];x;2A
410317;vita, érv ;argument;[sound:NewEnglishFileIntHU410317A.mp3];x;2A
410318;átlag ;average;[sound:NewEnglishFileIntHU410318A.mp3];x;2A
410319;számla ;bill;[sound:NewEnglishFileIntHU410319A.mp3];x;2A
410320;elveri a pénzét ;blow;[sound:NewEnglishFileIntHU410320A.mp3];x;2A
410321;egy vasa sincs, üres a zsebe  (adj);broke;[sound:NewEnglishFileIntHU410321A.mp3];x;2A
410322;kapcsolat ;contact;[sound:NewEnglishFileIntHU410322A.mp3];x;2A
410323;hitelkártya ;credit card;[sound:NewEnglishFileIntHU410323A.mp3];x;2A
410324;egyformán, egyenlően ;equally;[sound:NewEnglishFileIntHU410324A.mp3];x;2A
410325;becslés  (n);estimate;[sound:NewEnglishFileIntHU410325A.mp3];x;2A
410326;lakás  (n);flat;[sound:NewEnglishFileIntHU410326A.mp3];x;2A
410327;mohó, kapzsi ;greedy;[sound:NewEnglishFileIntHU410327A.mp3];x;2A
410328;növel ;increase;[sound:NewEnglishFileIntHU410328A.mp3];x;2A
410329;megítél vkit ;judge somebody;[sound:NewEnglishFileIntHU410329A.mp3];x;2A
410330;létra ;ladder;[sound:NewEnglishFileIntHU410330A.mp3];x;2A
410331;vigyáz vkire ;look after;[sound:NewEnglishFileIntHU410331A.mp3];x;2A
410332;teherautó ;lorry;[sound:NewEnglishFileIntHU410332A.mp3];x;2A
410333;bevásárlóközpont ;mall;[sound:NewEnglishFileIntHU410333A.mp3];x;2A
410334;vezetőség, igazgatóság ;management;[sound:NewEnglishFileIntHU410334A.mp3];x;2A
410335;hiba ;mistake;[sound:NewEnglishFileIntHU410335A.mp3];x;2A
410336;fizetésemelés ;pay rise;[sound:NewEnglishFileIntHU410336A.mp3];x;2A
410337;tulajdon, holmi  (pl n);possessions;[sound:NewEnglishFileIntHU410337A.mp3];x;2A
410338;kérdőív ;questionnaire;[sound:NewEnglishFileIntHU410338A.mp3];x;2A
410339;kirabol ;rob;[sound:NewEnglishFileIntHU410339A.mp3];x;2A
410340;számos ;several;[sound:NewEnglishFileIntHU410340A.mp3];x;2A
410341;elkölt ;spend;[sound:NewEnglishFileIntHU410341A.mp3];x;2A
410342;cserél, kicserél  (v);swap;[sound:NewEnglishFileIntHU410342A.mp3];x;2A
410343;szakszervezet ;union;[sound:NewEnglishFileIntHU410343A.mp3];x;2A
410344;pénztárca ;wallet;[sound:NewEnglishFileIntHU410344A.mp3];x;2A
410345;emberszabású majom ;ape;[sound:NewEnglishFileIntHU410345A.mp3];x;2B
410346;állásra jelentkezik ;apply for a job;[sound:NewEnglishFileIntHU410346A.mp3];x;2B
410347;mély ;deep;[sound:NewEnglishFileIntHU410347A.mp3];x;2B
410348;kegyetlenül bántak vele  (adj);ill-treated;[sound:NewEnglishFileIntHU410348A.mp3];x;2B
410349;mentés, megmentés  (n);rescue;[sound:NewEnglishFileIntHU410349A.mp3];x;2B
410350;társasági élet ;social life;[sound:NewEnglishFileIntHU410350A.mp3];x;2B
410351;pihen, szabadságra megy ;take time off;[sound:NewEnglishFileIntHU410351A.mp3];x;2B
410352;idegenvezető ;tourist guide;[sound:NewEnglishFileIntHU410352A.mp3];x;2B
410353;jelentéktelen, elhanyagolható ;trivial;[sound:NewEnglishFileIntHU410353A.mp3];x;2B
410354;a londoni metró neve ;‘the tube’ (=London underground);[sound:NewEnglishFileIntHU410354A.mp3];x;2B
410355;fél vmitől ;afraid;[sound:NewEnglishFileIntHU410355A.mp3];x;2B
410356;bámulatos, döbbenetes ;amazing;[sound:NewEnglishFileIntHU410356A.mp3];x;2B
410357;mérges ;angry;[sound:NewEnglishFileIntHU410357A.mp3];x;2B
410358;lángoló, lobogó ;blazing;[sound:NewEnglishFileIntHU410358A.mp3];x;2B
410359;„megsül“, nagyon melege van ;boiling;[sound:NewEnglishFileIntHU410359A.mp3];x;2B
410360;üzletlánc tagja ;chain store;[sound:NewEnglishFileIntHU410360A.mp3];x;2B
410361;klub ;club;[sound:NewEnglishFileIntHU410361A.mp3];x;2B
410362;kultúra ;culture;[sound:NewEnglishFileIntHU410362A.mp3];x;2B
410363;ízletes ;delicious;[sound:NewEnglishFileIntHU410363A.mp3];x;2B
410364;piszkos, koszos ;dirty;[sound:NewEnglishFileIntHU410364A.mp3];x;2B
410365;hatalmas ;enormous;[sound:NewEnglishFileIntHU410365A.mp3];x;2B
410366;kimerült  (adj);exhausted;[sound:NewEnglishFileIntHU410366A.mp3];x;2B
410367;mocskos, koszos ;filthy;[sound:NewEnglishFileIntHU410367A.mp3];x;2B
410368;„megfagy“, nagyon fázik ;freezing;[sound:NewEnglishFileIntHU410368A.mp3];x;2B
410369;dühös ;furious;[sound:NewEnglishFileIntHU410369A.mp3];x;2B
410370;borzalmas, rettenetes ;horrible;[sound:NewEnglishFileIntHU410370A.mp3];x;2B
410371;gondozó ;keeper;[sound:NewEnglishFileIntHU410371A.mp3];x;2B
410372;őrült ;mad;[sound:NewEnglishFileIntHU410372A.mp3];x;2B
410373;igazgató ;manager;[sound:NewEnglishFileIntHU410373A.mp3];x;2B
410374;általános iskola ;primary school;[sound:NewEnglishFileIntHU410374A.mp3];x;2B
410375;rendesen, kellően ;properly;[sound:NewEnglishFileIntHU410375A.mp3];x;2B
410376;mentés, megmentés ;rescue;[sound:NewEnglishFileIntHU410376A.mp3];x;2B
410377;„éhen hal“, nagyon éhes ;starving;[sound:NewEnglishFileIntHU410377A.mp3];x;2B
410378;finom ;tasty;[sound:NewEnglishFileIntHU410378A.mp3];x;2B
410379;retteg, megrettent  (adj);terrified;[sound:NewEnglishFileIntHU410379A.mp3];x;2B
410380;apró, pici ;tiny;[sound:NewEnglishFileIntHU410380A.mp3];x;2B
410381;fáradt  (adj);tired;[sound:NewEnglishFileIntHU410381A.mp3];x;2B
410382;egy év szabadság ;year off;[sound:NewEnglishFileIntHU410382A.mp3];x;2B
410383;Közlekedés és utazás ;Transport and travel;[sound:NewEnglishFileIntHU410383A.mp3];x;2C
410384;folyosó (üléssorok között) ;aisle;[sound:NewEnglishFileIntHU410384A.mp3];x;2C
410385;csomagkiadó ;baggage reclaim;[sound:NewEnglishFileIntHU410385A.mp3];x;2C
410386;bringa ;bike;[sound:NewEnglishFileIntHU410386A.mp3];x;2C
410387;beszállókártya ;boarding card;[sound:NewEnglishFileIntHU410387A.mp3];x;2C
410388;autó ;car;[sound:NewEnglishFileIntHU410388A.mp3];x;2C
410389;parkoló ;car park;[sound:NewEnglishFileIntHU410389A.mp3];x;2C
410390;vasúti kocsi ;carriage;[sound:NewEnglishFileIntHU410390A.mp3];x;2C
410391;bőrönd ;(suit) case;[sound:NewEnglishFileIntHU410391A.mp3];x;2C
410392;jegykezelő pult ;check-in desk;[sound:NewEnglishFileIntHU410392A.mp3];x;2C
410393;távolsági busz  (n);coach;[sound:NewEnglishFileIntHU410393A.mp3];x;2C
410394;ütközés ;crash;[sound:NewEnglishFileIntHU410394A.mp3];x;2C
410395;kerékpársáv ;cycle lane;[sound:NewEnglishFileIntHU410395A.mp3];x;2C
410396;bírság (parkolási szabálytalanságért) ;(parking) fine;[sound:NewEnglishFileIntHU410396A.mp3];x;2C
410397;(repülő)járat ;flight;[sound:NewEnglishFileIntHU410397A.mp3];x;2C
410398;kapu ;gate;[sound:NewEnglishFileIntHU410398A.mp3];x;2C
410399;(védő)sisak ;helmet;[sound:NewEnglishFileIntHU410399A.mp3];x;2C
410400;út, utazás  ;journey;[sound:NewEnglishFileIntHU410400A.mp3];x;2C
410401;leszáll  (v);land;[sound:NewEnglishFileIntHU410401A.mp3];x;2C
410402;teherautó ;lorry;[sound:NewEnglishFileIntHU410402A.mp3];x;2C
410403;poggyász ;luggage;[sound:NewEnglishFileIntHU410403A.mp3];x;2C
410404;motorkerékpár ;motorbike;[sound:NewEnglishFileIntHU410404A.mp3];x;2C
410405;autópálya ;motorway;[sound:NewEnglishFileIntHU410405A.mp3];x;2C
410406;gyalogos övezet ;pedestrian area;[sound:NewEnglishFileIntHU410406A.mp3];x;2C
410407;benzinkút ;petrol station;[sound:NewEnglishFileIntHU410407A.mp3];x;2C
410408;vágány ;platform;[sound:NewEnglishFileIntHU410408A.mp3];x;2C
410409;tömegközlekedés ;public transport;[sound:NewEnglishFileIntHU410409A.mp3];x;2C
410410;vasúti pályaudvar ;railway station;[sound:NewEnglishFileIntHU410410A.mp3];x;2C
410411;útjavítás, útkarbantartás ;road works;[sound:NewEnglishFileIntHU410411A.mp3];x;2C
410412;csúcsforgalom ;rush hour;[sound:NewEnglishFileIntHU410412A.mp3];x;2C
410413;robogó ;scooter;[sound:NewEnglishFileIntHU410413A.mp3];x;2C
410414;biztonsági öv ;seat belt;[sound:NewEnglishFileIntHU410414A.mp3];x;2C
410415;sebességhatár ;speed limit;[sound:NewEnglishFileIntHU410415A.mp3];x;2C
410416;felszáll  (v);take off;[sound:NewEnglishFileIntHU410416A.mp3];x;2C
410417;taxi állomás ;taxi rank;[sound:NewEnglishFileIntHU410417A.mp3];x;2C
410418;földalatti, metró ;the underground;[sound:NewEnglishFileIntHU410418A.mp3];x;2C
410419;jegypénztár ;ticket office;[sound:NewEnglishFileIntHU410419A.mp3];x;2C
410420;forgalmi dugó ;traffic jam;[sound:NewEnglishFileIntHU410420A.mp3];x;2C
410421;jelzőlámpa ;traffic lights;[sound:NewEnglishFileIntHU410421A.mp3];x;2C
410422;villamos ;tram;[sound:NewEnglishFileIntHU410422A.mp3];x;2C
410423;utazik  (v);travel;[sound:NewEnglishFileIntHU410423A.mp3];x;2C
410424;út, utazás  ;trip;[sound:NewEnglishFileIntHU410424A.mp3];x;2C
410425;kisbusz, furgon ;van;[sound:NewEnglishFileIntHU410425A.mp3];x;2C
410426;kellemes ;convenient;[sound:NewEnglishFileIntHU410426A.mp3];x;2C
410427;kijárat (tábla, jelzés) ;exit (sign);[sound:NewEnglishFileIntHU410427A.mp3];x;2C
410428;komp ;ferry;[sound:NewEnglishFileIntHU410428A.mp3];x;2C
410429;táj, látvány ;scenery;[sound:NewEnglishFileIntHU410429A.mp3];x;2C
410430;biztonsági ellenőrzés ;security (check);[sound:NewEnglishFileIntHU410430A.mp3];x;2C
410431;benzinkút ;service station;[sound:NewEnglishFileIntHU410431A.mp3];x;2C
410432;alagút ;tunnel;[sound:NewEnglishFileIntHU410432A.mp3];x;2C
410433;teljes, egész ;whole;[sound:NewEnglishFileIntHU410433A.mp3];x;2C
410434;nagyon hosszú idő ;ages;[sound:NewEnglishFileIntHU410434A.mp3];x;2C
410435;vmi előtt, előre ;ahead of;[sound:NewEnglishFileIntHU410435A.mp3];x;2C
410436;fényes ;bright;[sound:NewEnglishFileIntHU410436A.mp3];x;2C
410437;étkezőkocsi ;buffet car;[sound:NewEnglishFileIntHU410437A.mp3];x;2C
410438;doboz (ital) ;can (of drink);[sound:NewEnglishFileIntHU410438A.mp3];x;2C
410439;kerékpáros ;cyclist;[sound:NewEnglishFileIntHU410439A.mp3];x;2C
410440;veszélyes ;dangerous;[sound:NewEnglishFileIntHU410440A.mp3];x;2C
410441;figyelmet zavaró v. elterelő dolog ;distraction;[sound:NewEnglishFileIntHU410441A.mp3];x;2C
410442;érdekes, izgalmas ;exciting;[sound:NewEnglishFileIntHU410442A.mp3];x;2C
410443;szakértő ;expert;[sound:NewEnglishFileIntHU410443A.mp3];x;2C
410444;lakóépület (tanyán) ;farmhouse;[sound:NewEnglishFileIntHU410444A.mp3];x;2C
410445;gyors, gyorsan ;fast;[sound:NewEnglishFileIntHU410445A.mp3];x;2C
410446;megtankol ;fill up;[sound:NewEnglishFileIntHU410446A.mp3];x;2C
410447;levegő után kapkod, liheg ;be out of breath;[sound:NewEnglishFileIntHU410447A.mp3];x;2C
410448;egy csomag chips ;packet of crisps;[sound:NewEnglishFileIntHU410448A.mp3];x;2C
410449;utas ;passenger;[sound:NewEnglishFileIntHU410449A.mp3];x;2C
410450;figyel, odafigyel ;pay attention;[sound:NewEnglishFileIntHU410450A.mp3];x;2C
410451;sor   (n);queue;[sound:NewEnglishFileIntHU410451A.mp3];x;2C
410452;gyors ;quick;[sound:NewEnglishFileIntHU410452A.mp3];x;2C
410453;verseny ;race;[sound:NewEnglishFileIntHU410453A.mp3];x;2C
410454;biztonságos ;safe;[sound:NewEnglishFileIntHU410454A.mp3];x;2C
410455;biztonság ;safety;[sound:NewEnglishFileIntHU410455A.mp3];x;2C
410456;menetrend ;schedule;[sound:NewEnglishFileIntHU410456A.mp3];x;2C
410457;ülés ;seat;[sound:NewEnglishFileIntHU410457A.mp3];x;2C
410458;elindul, útnak indul ;set off (on a journey);[sound:NewEnglishFileIntHU410458A.mp3];x;2C
410459;sima, zökkenőmentes ;smooth;[sound:NewEnglishFileIntHU410459A.mp3];x;2C
410460;hamarosan ;soon;[sound:NewEnglishFileIntHU410460A.mp3];x;2C
410461;ideges, feszült  (adj);stressed;[sound:NewEnglishFileIntHU410461A.mp3];x;2C
410462;ismeretlen ;unfamiliar;[sound:NewEnglishFileIntHU410462A.mp3];x;2C
410463;kerék ;wheel;[sound:NewEnglishFileIntHU410463A.mp3];x;2C
410464;panaszt tesz ;complain about something;[sound:NewEnglishFileIntHU410464A.mp3];x;3A
410465;őrült ;crazy;[sound:NewEnglishFileIntHU410465A.mp3];x;3A
410466;gusztustalan ;disgusting;[sound:NewEnglishFileIntHU410466A.mp3];x;3A
410467;szívességet tesz vkinek ;do somebody a favour;[sound:NewEnglishFileIntHU410467A.mp3];x;3A
410468;őrült ;mad;[sound:NewEnglishFileIntHU410468A.mp3];x;3A
410469;tölt, önt (italt) ;pour (a drink);[sound:NewEnglishFileIntHU410469A.mp3];x;3A
410470;rálép (vki lábára) ;step on (somebody’s foot);[sound:NewEnglishFileIntHU410470A.mp3];x;3A
410471;lenyel ;swallow;[sound:NewEnglishFileIntHU410471A.mp3];x;3A
410472;lefordít (vmilyen nyelvre) ;translate (into);[sound:NewEnglishFileIntHU410472A.mp3];x;3A
410473;randevú  (n);date;[sound:NewEnglishFileIntHU410473A.mp3];x;3A
410474;megállapodás ;agreement;[sound:NewEnglishFileIntHU410474A.mp3];x;3A
410475;megengedett, szabad  (adj);allowed;[sound:NewEnglishFileIntHU410475A.mp3];x;3A
410476;zavar, idegesít vkit ;annoy somebody;[sound:NewEnglishFileIntHU410476A.mp3];x;3A
410477;kivéve, azon kívül ;apart from;[sound:NewEnglishFileIntHU410477A.mp3];x;3A
410478;vitatkozik, érvel ;argue;[sound:NewEnglishFileIntHU410478A.mp3];x;3A
410479;foglalt ;busy;[sound:NewEnglishFileIntHU410479A.mp3];x;3A
410480;visszahív ;call back;[sound:NewEnglishFileIntHU410480A.mp3];x;3A
410481;orca, arc ;cheek;[sound:NewEnglishFileIntHU410481A.mp3];x;3A
410482;összehasonlít ;compare;[sound:NewEnglishFileIntHU410482A.mp3];x;3A
410483;tárcsáz  (v);dial;[sound:NewEnglishFileIntHU410483A.mp3];x;3A
410484;közvetlen ;direct;[sound:NewEnglishFileIntHU410484A.mp3];x;3A
410485;foglalt ;engaged;[sound:NewEnglishFileIntHU410485A.mp3];x;3A
410486;megbukik (pl. vizsgán) ;fail (an exam);[sound:NewEnglishFileIntHU410486A.mp3];x;3A
410487;ízesítés ;flavouring;[sound:NewEnglishFileIntHU410487A.mp3];x;3A
410488;Te jó ég! Az ég szerelmére! ;For goodness sake!;[sound:NewEnglishFileIntHU410488A.mp3];x;3A
410489;vendég ;guest;[sound:NewEnglishFileIntHU410489A.mp3];x;3A
410490;kihangosító, headset ;hands free;[sound:NewEnglishFileIntHU410490A.mp3];x;3A
410491;leteszi a telefont ;hang up;[sound:NewEnglishFileIntHU410491A.mp3];x;3A
410492;huligán ;hooligan;[sound:NewEnglishFileIntHU410492A.mp3];x;3A
410493;dudál ;hoot;[sound:NewEnglishFileIntHU410493A.mp3];x;3A
410494;idióta ;idiot;[sound:NewEnglishFileIntHU410494A.mp3];x;3A
410495;üzenetet hagy ;leave a message;[sound:NewEnglishFileIntHU410495A.mp3];x;3A
410496;többség ;majority;[sound:NewEnglishFileIntHU410496A.mp3];x;3A
410497;illemszabályok, jó modor  (pl n);manners;[sound:NewEnglishFileIntHU410497A.mp3];x;3A
410498;zajos ;noisy;[sound:NewEnglishFileIntHU410498A.mp3];x;3A
410499;tulajdonos ;owner;[sound:NewEnglishFileIntHU410499A.mp3];x;3A
410500;átmegy (pl. vizsgán) ;pass (an exam);[sound:NewEnglishFileIntHU410500A.mp3];x;3A
410501;engedélyezett, szabad  (adj);permitted;[sound:NewEnglishFileIntHU410501A.mp3];x;3A
410502;udvarias ;polite;[sound:NewEnglishFileIntHU410502A.mp3];x;3A
410503;ajándék  (n);present ;[sound:NewEnglishFileIntHU410503A.mp3];x;3A
410504;rájön, észrevesz ;realize;[sound:NewEnglishFileIntHU410504A.mp3];x;3A
410505;csengőhang ;ring tone;[sound:NewEnglishFileIntHU410505A.mp3];x;3A
410506;felhív vkit  (v);ring;[sound:NewEnglishFileIntHU410506A.mp3];x;3A
410507;udvariatlan, illetlen ;rude;[sound:NewEnglishFileIntHU410507A.mp3];x;3A
410508;kiabál ;shout;[sound:NewEnglishFileIntHU410508A.mp3];x;3A
410509;mosolyog  (v);smile;[sound:NewEnglishFileIntHU410509A.mp3];x;3A
410510;ki-/bekapcsol vmit ;switch something off / on;[sound:NewEnglishFileIntHU410510A.mp3];x;3A
410511;SMS ;text;[sound:NewEnglishFileIntHU410511A.mp3];x;3A
410512;lábujj ;toe;[sound:NewEnglishFileIntHU410512A.mp3];x;3A
410513;ki-/bekapcsol vmit ;turn something off / on;[sound:NewEnglishFileIntHU410513A.mp3];x;3A
410514;magántanár ;tutor;[sound:NewEnglishFileIntHU410514A.mp3];x;3A
410515;Személyek leírása ;Describing people;[sound:NewEnglishFileIntHU410515A.mp3];x;3B
410516;körülbelül ;about;[sound:NewEnglishFileIntHU410516A.mp3];x;3B
410517;vonzó ;attractive;[sound:NewEnglishFileIntHU410517A.mp3];x;3B
410518;kopasz ;bald;[sound:NewEnglishFileIntHU410518A.mp3];x;3B
410519;szakáll ;beard;[sound:NewEnglishFileIntHU410519A.mp3];x;3B
410520;gyönyörű ;beautiful;[sound:NewEnglishFileIntHU410520A.mp3];x;3B
410521;szőke ;blonde;[sound:NewEnglishFileIntHU410521A.mp3];x;3B
410522;barna ;brown;[sound:NewEnglishFileIntHU410522A.mp3];x;3B
410523;göndör ;curly;[sound:NewEnglishFileIntHU410523A.mp3];x;3B
410524;sötét ;dark;[sound:NewEnglishFileIntHU410524A.mp3];x;3B
410525;világos hajú, szőke ;fair;[sound:NewEnglishFileIntHU410525A.mp3];x;3B
410526;negyvenes évek ;forties;[sound:NewEnglishFileIntHU410526A.mp3];x;3B
410527;frufru ;fringe;[sound:NewEnglishFileIntHU410527A.mp3];x;3B
410528;jóképű ;good looking;[sound:NewEnglishFileIntHU410528A.mp3];x;3B
410529;ősz haj ;grey hair;[sound:NewEnglishFileIntHU410529A.mp3];x;3B
410530;jóképű ;handsome;[sound:NewEnglishFileIntHU410530A.mp3];x;3B
410531;harmincas évei elején ;in somebody’s early 30s;[sound:NewEnglishFileIntHU410531A.mp3];x;3B
410532;negyvenes évei végén ;in somebody’s late 40s;[sound:NewEnglishFileIntHU410532A.mp3];x;3B
410533;ötvenes évei közepén ;in somebody’s mid-50s;[sound:NewEnglishFileIntHU410533A.mp3];x;3B
410534;hosszú ;long;[sound:NewEnglishFileIntHU410534A.mp3];x;3B
410535;középmagas ;medium height;[sound:NewEnglishFileIntHU410535A.mp3];x;3B
410536;bajusz ;moustache;[sound:NewEnglishFileIntHU410536A.mp3];x;3B
410537;túlsúlyos  (adj);overweight;[sound:NewEnglishFileIntHU410537A.mp3];x;3B
410538;sima ;plain;[sound:NewEnglishFileIntHU410538A.mp3];x;3B
410539;lófarok ;pony tail;[sound:NewEnglishFileIntHU410539A.mp3];x;3B
410540;csinos ;pretty;[sound:NewEnglishFileIntHU410540A.mp3];x;3B
410541;vörös ;red;[sound:NewEnglishFileIntHU410541A.mp3];x;3B
410542;rövid / alacsony ;short;[sound:NewEnglishFileIntHU410542A.mp3];x;3B
410543;vállig érő ;shoulder-length;[sound:NewEnglishFileIntHU410543A.mp3];x;3B
410544;vékony, karcsú ;slim;[sound:NewEnglishFileIntHU410544A.mp3];x;3B
410545;egyenes, sima ;straight;[sound:NewEnglishFileIntHU410545A.mp3];x;3B
410546;magas ;tall;[sound:NewEnglishFileIntHU410546A.mp3];x;3B
410547;csúnya ;ugly;[sound:NewEnglishFileIntHU410547A.mp3];x;3B
410548;hullámos ;wavy;[sound:NewEnglishFileIntHU410548A.mp3];x;3B
410549;izmos, jó felépítésű ;well built;[sound:NewEnglishFileIntHU410549A.mp3];x;3B
410550;zavarban van ;embarrassed;[sound:NewEnglishFileIntHU410550A.mp3];x;3B
410551;elvár vmit ;expect;[sound:NewEnglishFileIntHU410551A.mp3];x;3B
410552;nőies ;feminine;[sound:NewEnglishFileIntHU410552A.mp3];x;3B
410553;förtelmes, iszonyatos ;hideous;[sound:NewEnglishFileIntHU410553A.mp3];x;3B
410554;erőfeszítést tesz ;make an effort;[sound:NewEnglishFileIntHU410554A.mp3];x;3B
410555;férfias ;masculine;[sound:NewEnglishFileIntHU410555A.mp3];x;3B
410556;büszke ;proud;[sound:NewEnglishFileIntHU410556A.mp3];x;3B
410557;meghosszabbít, megújít ;renew (a passport);[sound:NewEnglishFileIntHU410557A.mp3];x;3B
410558;kutatás ;research;[sound:NewEnglishFileIntHU410558A.mp3];x;3B
410559;hiú  (adj);vain;[sound:NewEnglishFileIntHU410559A.mp3];x;3B
410560;paróka ;wig;[sound:NewEnglishFileIntHU410560A.mp3];x;3B
410561;könyvelő ;accountant;[sound:NewEnglishFileIntHU410561A.mp3];x;3B
410562;külső, megjelenés ;appearance;[sound:NewEnglishFileIntHU410562A.mp3];x;3B
410563;háttér ;background;[sound:NewEnglishFileIntHU410563A.mp3];x;3B
410564;hisz, elhisz ;believe;[sound:NewEnglishFileIntHU410564A.mp3];x;3B
410565;fülke ;booth;[sound:NewEnglishFileIntHU410565A.mp3];x;3B
410566;felnevel ;bring up;[sound:NewEnglishFileIntHU410566A.mp3];x;3B
410567;sarok ;corner;[sound:NewEnglishFileIntHU410567A.mp3];x;3B
410568;szándékosan ;deliberately;[sound:NewEnglishFileIntHU410568A.mp3];x;3B
410569;elegáns ;elegant;[sound:NewEnglishFileIntHU410569A.mp3];x;3B
410570;hatalmas ;enormous;[sound:NewEnglishFileIntHU410570A.mp3];x;3B
410571;megítél ;judge;[sound:NewEnglishFileIntHU410571A.mp3];x;3B
410572;hasonlít vkire  (sb);look like;[sound:NewEnglishFileIntHU410572A.mp3];x;3B
410573;megél vmiből ;make a living;[sound:NewEnglishFileIntHU410573A.mp3];x;3B
410574;említ ;mention;[sound:NewEnglishFileIntHU410574A.mp3];x;3B
410575;zenész ;musician;[sound:NewEnglishFileIntHU410575A.mp3];x;3B
410576;tökéletes  (adj);perfect;[sound:NewEnglishFileIntHU410576A.mp3];x;3B
410577;borotvál, borotválkozik ;shave;[sound:NewEnglishFileIntHU410577A.mp3];x;3B
410578;vézna, sovány ;skinny;[sound:NewEnglishFileIntHU410578A.mp3];x;3B
410579;kém, kémkedik  (n);spy;[sound:NewEnglishFileIntHU410579A.mp3];x;3B
410580;sztereotípia, sablon ;stereotype;[sound:NewEnglishFileIntHU410580A.mp3];x;3B
410581;vékony ;thin;[sound:NewEnglishFileIntHU410581A.mp3];x;3B
410582;edzőcipő, sportcipő  (pl n);trainers ;[sound:NewEnglishFileIntHU410582A.mp3];x;3B
410583;fordítva ;vice versa;[sound:NewEnglishFileIntHU410583A.mp3];x;3B
410584;nagyon meglepődött  (adj);amazed;[sound:NewEnglishFileIntHU410584A.mp3];x;3C
410585;folytat ;carry on;[sound:NewEnglishFileIntHU410585A.mp3];x;3C
410586;határozott, eltökélt  (adj);determined;[sound:NewEnglishFileIntHU410586A.mp3];x;3C
410587;felad (nem próbálkozik többször) ;give up (=stop trying);[sound:NewEnglishFileIntHU410587A.mp3];x;3C
410588;fejlődik, fejleszt ;improve;[sound:NewEnglishFileIntHU410588A.mp3];x;3C
410589;sikerül (vmit csinálni) ;manage to (do something);[sound:NewEnglishFileIntHU410589A.mp3];x;3C
410590;rendesen, megfelelően ;properly;[sound:NewEnglishFileIntHU410590A.mp3];x;3C
410591;sikít, kiált ;scream;[sound:NewEnglishFileIntHU410591A.mp3];x;3C
410592;belekezd vmibe ;take up (a hobby);[sound:NewEnglishFileIntHU410592A.mp3];x;3C
410593;hullám  (n);wave;[sound:NewEnglishFileIntHU410593A.mp3];x;3C
410594;egészséges, életerős ;able-bodied;[sound:NewEnglishFileIntHU410594A.mp3];x;3C
410595;tanács ;advice;[sound:NewEnglishFileIntHU410595A.mp3];x;3C
410596;cél ;aim;[sound:NewEnglishFileIntHU410596A.mp3];x;3C
410597;vágy, ambíció, becsvágy ;ambition;[sound:NewEnglishFileIntHU410597A.mp3];x;3C
410598;amputál ;amputate;[sound:NewEnglishFileIntHU410598A.mp3];x;3C
410599;amennyiben / feltéve, hogy… ;as long as;[sound:NewEnglishFileIntHU410599A.mp3];x;3C
410600;támadás  (n);attack;[sound:NewEnglishFileIntHU410600A.mp3];x;3C
410601;jó / rossz vmiben ;be good / bad at something;[sound:NewEnglishFileIntHU410601A.mp3];x;3C
410602;lehangolt, depressziós  (adj);depressed;[sound:NewEnglishFileIntHU410602A.mp3];x;3C
410603;nyomasztó, lehangoló ;depressing;[sound:NewEnglishFileIntHU410603A.mp3];x;3C
410604;csalódott  (adj);disappointed;[sound:NewEnglishFileIntHU410604A.mp3];x;3C
410605;kiábrándító, elkeserítő ;disappointing;[sound:NewEnglishFileIntHU410605A.mp3];x;3C
410606;feszélyezett, zavarban van  (adj);embarrassed;[sound:NewEnglishFileIntHU410606A.mp3];x;3C
410607;kínos, kellemetlen, zavaró ;embarrassing;[sound:NewEnglishFileIntHU410607A.mp3];x;3C
410608;megbukik, kudarcot vall ;fail;[sound:NewEnglishFileIntHU410608A.mp3];x;3C
410609;kudarc, sikertelenség ;failure;[sound:NewEnglishFileIntHU410609A.mp3];x;3C
410610;rémült  (adj);frightened;[sound:NewEnglishFileIntHU410610A.mp3];x;3C
410611;rémisztő ;frightening;[sound:NewEnglishFileIntHU410611A.mp3];x;3C
410612;frusztrált, zavarja vmi  (adj);frustrated;[sound:NewEnglishFileIntHU410612A.mp3];x;3C
410613;frusztráló, idegesítő ;frustrating;[sound:NewEnglishFileIntHU410613A.mp3];x;3C
410614;létrehoz ;generate;[sound:NewEnglishFileIntHU410614A.mp3];x;3C
410615;ajándék ;gift;[sound:NewEnglishFileIntHU410615A.mp3];x;3C
410616;torna, gimnasztika  (pl n);gymnastics;[sound:NewEnglishFileIntHU410616A.mp3];x;3C
410617;csípő ;hips;[sound:NewEnglishFileIntHU410617A.mp3];x;3C
410618;hangszer ;musical instrument;[sound:NewEnglishFileIntHU410618A.mp3];x;3C
410619;privát, egyéni ;private;[sound:NewEnglishFileIntHU410619A.mp3];x;3C
410620;ígéretes ;promising;[sound:NewEnglishFileIntHU410620A.mp3];x;3C
410621;kvalifikál, be-/továbbjut ;qualify;[sound:NewEnglishFileIntHU410621A.mp3];x;3C
410622;tolat  (v);reverse ;[sound:NewEnglishFileIntHU410622A.mp3];x;3C
410623;lovagol ;ride;[sound:NewEnglishFileIntHU410623A.mp3];x;3C
410624;vitorlázás ;sailing;[sound:NewEnglishFileIntHU410624A.mp3];x;3C
410625;cápa ;shark;[sound:NewEnglishFileIntHU410625A.mp3];x;3C
410626;lépés  (n);step;[sound:NewEnglishFileIntHU410626A.mp3];x;3C
410627;még mindig ;still;[sound:NewEnglishFileIntHU410627A.mp3];x;3C
410628;letép  (v);tear;[sound:NewEnglishFileIntHU410628A.mp3];x;3C
410629;fel van villanyozva, nagyon örül vminek ;thrilled;[sound:NewEnglishFileIntHU410629A.mp3];x;3C
410630;hullám  (n);wave;[sound:NewEnglishFileIntHU410630A.mp3];x;3C
410631;bölcsen ;wisely;[sound:NewEnglishFileIntHU410631A.mp3];x;3C
410632;Oktatás ;Education;[sound:NewEnglishFileIntHU410632A.mp3];x;4A
410633;viselkedik ;behave;[sound:NewEnglishFileIntHU410633A.mp3];x;4A
410634;bentlakásos iskola ;boarding school;[sound:NewEnglishFileIntHU410634A.mp3];x;4A
410635;puskázik, csal  (v);cheat;[sound:NewEnglishFileIntHU410635A.mp3];x;4A
410636;fegyelem  (n);discipline;[sound:NewEnglishFileIntHU410636A.mp3];x;4A
410637;házi feladatot készít ;do homework;[sound:NewEnglishFileIntHU410637A.mp3];x;4A
410638;megbukik ;fail;[sound:NewEnglishFileIntHU410638A.mp3];x;4A
410639;jegy, érdemjegy ;grade;[sound:NewEnglishFileIntHU410639A.mp3];x;4A
410640;diplomás ;graduate;[sound:NewEnglishFileIntHU410640A.mp3];x;4A
410641;iskolaigazgató ;head teacher;[sound:NewEnglishFileIntHU410641A.mp3];x;4A
410642;tanul ;learn;[sound:NewEnglishFileIntHU410642A.mp3];x;4A
410643;elhagyja az iskolát ;leave the school;[sound:NewEnglishFileIntHU410643A.mp3];x;4A
410644;osztályzat, pontszám ;mark;[sound:NewEnglishFileIntHU410644A.mp3];x;4A
410645;matek ;maths;[sound:NewEnglishFileIntHU410645A.mp3];x;4A
410646;óvoda ;nursery school;[sound:NewEnglishFileIntHU410646A.mp3];x;4A
410647;átmegy, leteszi a vizsgát  (v);pass;[sound:NewEnglishFileIntHU410647A.mp3];x;4A
410648;általános iskola ;primary school;[sound:NewEnglishFileIntHU410648A.mp3];x;4A
410649;magániskola ;private school;[sound:NewEnglishFileIntHU410649A.mp3];x;4A
410650;egyetemi tanár, professzor ;professor;[sound:NewEnglishFileIntHU410650A.mp3];x;4A
410651;diák ;pupil;[sound:NewEnglishFileIntHU410651A.mp3];x;4A
410652;egyházi iskola ;religious school;[sound:NewEnglishFileIntHU410652A.mp3];x;4A
410653;eredmény ;result;[sound:NewEnglishFileIntHU410653A.mp3];x;4A
410654;ismétel ;revise;[sound:NewEnglishFileIntHU410654A.mp3];x;4A
410655;középiskola ;secondary school;[sound:NewEnglishFileIntHU410655A.mp3];x;4A
410656;elkezd  (v);start;[sound:NewEnglishFileIntHU410656A.mp3];x;4A
410657;állami iskola ;state school;[sound:NewEnglishFileIntHU410657A.mp3];x;4A
410658;szigorú ;strict;[sound:NewEnglishFileIntHU410658A.mp3];x;4A
410659;diák, egyetemista ;student;[sound:NewEnglishFileIntHU410659A.mp3];x;4A
410660;tanul, tanulmányoz ;study;[sound:NewEnglishFileIntHU410660A.mp3];x;4A
410661;tantárgy ;subject;[sound:NewEnglishFileIntHU410661A.mp3];x;4A
410662;vizsgázik ;take an exam;[sound:NewEnglishFileIntHU410662A.mp3];x;4A
410663;tanulmányi időszak (pl. félév) ;term;[sound:NewEnglishFileIntHU410663A.mp3];x;4A
410664;órarend ;timetable;[sound:NewEnglishFileIntHU410664A.mp3];x;4A
410665;egyenruha ;uniform;[sound:NewEnglishFileIntHU410665A.mp3];x;4A
410666;viselkedés ;behaviour;[sound:NewEnglishFileIntHU410666A.mp3];x;4A
410667;csengő ;bell;[sound:NewEnglishFileIntHU410667A.mp3];x;4A
410668;menza, étkezde ;canteen;[sound:NewEnglishFileIntHU410668A.mp3];x;4A
410669;begombol (pl. kabátot) ;do up (coat);[sound:NewEnglishFileIntHU410669A.mp3];x;4A
410670;hatékony ;effective;[sound:NewEnglishFileIntHU410670A.mp3];x;4A
410671;végül ;finally;[sound:NewEnglishFileIntHU410671A.mp3];x;4A
410672;először is ;first of all;[sound:NewEnglishFileIntHU410672A.mp3];x;4A
410673;megbüntet ;punish;[sound:NewEnglishFileIntHU410673A.mp3];x;4A
410674;másodszor ;secondly;[sound:NewEnglishFileIntHU410674A.mp3];x;4A
410675;enyhén, kissé ;slightly;[sound:NewEnglishFileIntHU410675A.mp3];x;4A
410676;fogad  (v);bet;[sound:NewEnglishFileIntHU410676A.mp3];x;4A
410677;biológia ;biology;[sound:NewEnglishFileIntHU410677A.mp3];x;4A
410678;postán ;by post;[sound:NewEnglishFileIntHU410678A.mp3];x;4A
410679;nádpálca  (n);cane;[sound:NewEnglishFileIntHU410679A.mp3];x;4A
410680;főváros ;capital;[sound:NewEnglishFileIntHU410680A.mp3];x;4A
410681;ünnepel ;celebrate;[sound:NewEnglishFileIntHU410681A.mp3];x;4A
410682;ünnep, ünnepély ;celebration;[sound:NewEnglishFileIntHU410682A.mp3];x;4A
410683;kémia ;chemistry;[sound:NewEnglishFileIntHU410683A.mp3];x;4A
410684;terepfutás ;cross-country run;[sound:NewEnglishFileIntHU410684A.mp3];x;4A
410685;kábult  (adj);dazed;[sound:NewEnglishFileIntHU410685A.mp3];x;4A
410686;napló ;diary;[sound:NewEnglishFileIntHU410686A.mp3];x;4A
410687;kivéve ;except;[sound:NewEnglishFileIntHU410687A.mp3];x;4A
410688;vár, elvár ;expect;[sound:NewEnglishFileIntHU410688A.mp3];x;4A
410689;kísérlet  (n);experiment;[sound:NewEnglishFileIntHU410689A.mp3];x;4A
410690;elbűvölő, lebilincselő ;fascinating;[sound:NewEnglishFileIntHU410690A.mp3];x;4A
410691;földrajz ;geography;[sound:NewEnglishFileIntHU410691A.mp3];x;4A
410692;kapcsolatba lép vkivel ;get in touch with;[sound:NewEnglishFileIntHU410692A.mp3];x;4A
410693;bead vmit ;give something in;[sound:NewEnglishFileIntHU410693A.mp3];x;4A
410694;nehéz, kemény ;hard;[sound:NewEnglishFileIntHU410694A.mp3];x;4A
410695;történelem ;history;[sound:NewEnglishFileIntHU410695A.mp3];x;4A
410696;elképzel ;imagine;[sound:NewEnglishFileIntHU410696A.mp3];x;4A
410697;cserébe ;in return;[sound:NewEnglishFileIntHU410697A.mp3];x;4A
410698;információs technológia, informatika ;information technology ;[sound:NewEnglishFileIntHU410698A.mp3];x;4A
410699;kikérdez, kihallgat, vallat ;interrogate;[sound:NewEnglishFileIntHU410699A.mp3];x;4A
410700;feltalál ;invent;[sound:NewEnglishFileIntHU410700A.mp3];x;4A
410701;irodalom ;literature;[sound:NewEnglishFileIntHU410701A.mp3];x;4A
410702;matek  (pl n);maths;[sound:NewEnglishFileIntHU410702A.mp3];x;4A
410703;módszer ;method;[sound:NewEnglishFileIntHU410703A.mp3];x;4A
410704;fizika  (pl n);physics;[sound:NewEnglishFileIntHU410704A.mp3];x;4A
410705;politikus ;politician;[sound:NewEnglishFileIntHU410705A.mp3];x;4A
410706;népszerű ;popular;[sound:NewEnglishFileIntHU410706A.mp3];x;4A
410707;ismétlés ;revision;[sound:NewEnglishFileIntHU410707A.mp3];x;4A
410708;táblázat, táblázatkezelő program ;spreadsheet;[sound:NewEnglishFileIntHU410708A.mp3];x;4A
410709;szokatlan ;unusual;[sound:NewEnglishFileIntHU410709A.mp3];x;4A
410710;fehér tábla ;whiteboard;[sound:NewEnglishFileIntHU410710A.mp3];x;4A
410711;Házak  ;Houses;[sound:NewEnglishFileIntHU410711A.mp3];x;4B
410712;karosszék ;armchair;[sound:NewEnglishFileIntHU410712A.mp3];x;4B
410713;erkély ;balcony;[sound:NewEnglishFileIntHU410713A.mp3];x;4B
410714;fürdőszoba ;bathroom;[sound:NewEnglishFileIntHU410714A.mp3];x;4B
410715;hálószoba ;bedroom;[sound:NewEnglishFileIntHU410715A.mp3];x;4B
410716;éjjeliszekrény ;bedside table;[sound:NewEnglishFileIntHU410716A.mp3];x;4B
410717;lakóház, háztömb ;block of flats;[sound:NewEnglishFileIntHU410717A.mp3];x;4B
410718;fiókos szekrény, komód ;chest of drawers;[sound:NewEnglishFileIntHU410718A.mp3];x;4B
410719;kémény ;chimney;[sound:NewEnglishFileIntHU410719A.mp3];x;4B
410720;városközpont ;city centre;[sound:NewEnglishFileIntHU410720A.mp3];x;4B
410721;dohányzóasztal ;coffee table;[sound:NewEnglishFileIntHU410721A.mp3];x;4B
410722;vidéki ház, nyaraló ;cottage;[sound:NewEnglishFileIntHU410722A.mp3];x;4B
410723;családi ház ;detached house;[sound:NewEnglishFileIntHU410723A.mp3];x;4B
410724;mosogatógép ;dishwasher;[sound:NewEnglishFileIntHU410724A.mp3];x;4B
410725;garázs ;garage;[sound:NewEnglishFileIntHU410725A.mp3];x;4B
410726;kert ;garden;[sound:NewEnglishFileIntHU410726A.mp3];x;4B
410727;kapu ;gate;[sound:NewEnglishFileIntHU410727A.mp3];x;4B
410728;konyha ;kitchen;[sound:NewEnglishFileIntHU410728A.mp3];x;4B
410729;nappali ;living room;[sound:NewEnglishFileIntHU410729A.mp3];x;4B
410730;ösvény ;path;[sound:NewEnglishFileIntHU410730A.mp3];x;4B
410731;lakóövezet ;residential area;[sound:NewEnglishFileIntHU410731A.mp3];x;4B
410732;tető ;roof;[sound:NewEnglishFileIntHU410732A.mp3];x;4B
410733;második emelet ;second floor;[sound:NewEnglishFileIntHU410733A.mp3];x;4B
410734;zuhany ;shower;[sound:NewEnglishFileIntHU410734A.mp3];x;4B
410735;mosogató ;sink;[sound:NewEnglishFileIntHU410735A.mp3];x;4B
410736;kisváros ;small town;[sound:NewEnglishFileIntHU410736A.mp3];x;4B
410737;lépcső ;step;[sound:NewEnglishFileIntHU410737A.mp3];x;4B
410738;külváros  (pl n);suburbs;[sound:NewEnglishFileIntHU410738A.mp3];x;4B
410739;terasz ;terrace;[sound:NewEnglishFileIntHU410739A.mp3];x;4B
410740;sorház ;terraced house;[sound:NewEnglishFileIntHU410740A.mp3];x;4B
410741;vidék ;the country;[sound:NewEnglishFileIntHU410741A.mp3];x;4B
410742;falu ;village;[sound:NewEnglishFileIntHU410742A.mp3];x;4B
410743;fal ;wall;[sound:NewEnglishFileIntHU410743A.mp3];x;4B
410744;mosdó ;washbasin;[sound:NewEnglishFileIntHU410744A.mp3];x;4B
410745;ecset ;(paint) brush;[sound:NewEnglishFileIntHU410745A.mp3];x;4B
410746;bejárat ;entrance;[sound:NewEnglishFileIntHU410746A.mp3];x;4B
410747;különleges, rendkívüli ;extraordinary;[sound:NewEnglishFileIntHU410747A.mp3];x;4B
410748;hatalmas ;huge;[sound:NewEnglishFileIntHU410748A.mp3];x;4B
410749;ideális ;ideal;[sound:NewEnglishFileIntHU410749A.mp3];x;4B
410750;földszinti terasz ;patio;[sound:NewEnglishFileIntHU410750A.mp3];x;4B
410751;zsalugáter ;shutter;[sound:NewEnglishFileIntHU410751A.mp3];x;4B
410752;tágas ;spacious;[sound:NewEnglishFileIntHU410752A.mp3];x;4B
410753;vmivel körülvett ;surrounded by;[sound:NewEnglishFileIntHU410753A.mp3];x;4B
410754;levegős ;airy;[sound:NewEnglishFileIntHU410754A.mp3];x;4B
410755;mennyezet ;ceiling;[sound:NewEnglishFileIntHU410755A.mp3];x;4B
410756;verseny ;competition;[sound:NewEnglishFileIntHU410756A.mp3];x;4B
410757;szekrény (nem ruhás) ;cupboard;[sound:NewEnglishFileIntHU410757A.mp3];x;4B
410758;tálaló ;dresser;[sound:NewEnglishFileIntHU410758A.mp3];x;4B
410759;padló / szint, emelet ;floor;[sound:NewEnglishFileIntHU410759A.mp3];x;4B
410760;galéria ;gallery;[sound:NewEnglishFileIntHU410760A.mp3];x;4B
410761;nem praktikus ;impractical;[sound:NewEnglishFileIntHU410761A.mp3];x;4B
410762;vezető ;leader;[sound:NewEnglishFileIntHU410762A.mp3];x;4B
410763;minimalista ;minimalist;[sound:NewEnglishFileIntHU410763A.mp3];x;4B
410764;modern ;modern;[sound:NewEnglishFileIntHU410764A.mp3];x;4B
410765;festmény ;painting;[sound:NewEnglishFileIntHU410765A.mp3];x;4B
410766;időszak ;period;[sound:NewEnglishFileIntHU410766A.mp3];x;4B
410767;kisállat, kedvenc ;pet;[sound:NewEnglishFileIntHU410767A.mp3];x;4B
410768;festői ;picturesque;[sound:NewEnglishFileIntHU410768A.mp3];x;4B
410769;távoli ;remote;[sound:NewEnglishFileIntHU410769A.mp3];x;4B
410770;megoszt  (v);share;[sound:NewEnglishFileIntHU410770A.mp3];x;4B
410771;szobor ;statue;[sound:NewEnglishFileIntHU410771A.mp3];x;4B
410772;divatos, elegáns ;stylish;[sound:NewEnglishFileIntHU410772A.mp3];x;4B
410773;vacsora ;supper;[sound:NewEnglishFileIntHU410773A.mp3];x;4B
410774;érintetlen, romlatlan ;unspoilt;[sound:NewEnglishFileIntHU410774A.mp3];x;4B
410775;emelet ;upstairs;[sound:NewEnglishFileIntHU410775A.mp3];x;4B
410776;kilátás ;view ;[sound:NewEnglishFileIntHU410776A.mp3];x;4B
410777;szakít vkivel ;break up with somebody;[sound:NewEnglishFileIntHU410777A.mp3];x;4C
410778;kapcsolatba kerül vkivel ;get in touch with somebody;[sound:NewEnglishFileIntHU410778A.mp3];x;4C
410779;megszabadul vmitől ;get rid of something;[sound:NewEnglishFileIntHU410779A.mp3];x;4C
410780;(alaposabban)megismer vkit ;get to know somebody;[sound:NewEnglishFileIntHU410780A.mp3];x;4C
410781;mentegetőzik ;make an excuse;[sound:NewEnglishFileIntHU410781A.mp3];x;4C
410782;rájön vmire ;realize something;[sound:NewEnglishFileIntHU410782A.mp3];x;4C
410783;válaszol, felel  (v);reply;[sound:NewEnglishFileIntHU410783A.mp3];x;4C
410784;hajlamos vmire ;tend to do something;[sound:NewEnglishFileIntHU410784A.mp3];x;4C
410785;hasznos ;useful;[sound:NewEnglishFileIntHU410785A.mp3];x;4C
410786;tűnődik  (v);wonder ;[sound:NewEnglishFileIntHU410786A.mp3];x;4C
410787;vitázik, érvel ;argue;[sound:NewEnglishFileIntHU410787A.mp3];x;4C
410788;osztálytárs ;classmate;[sound:NewEnglishFileIntHU410788A.mp3];x;4C
410789;közeli  (adj);close;[sound:NewEnglishFileIntHU410789A.mp3];x;4C
410790;kávészünet ;coffee break;[sound:NewEnglishFileIntHU410790A.mp3];x;4C
410791;kolléga, munkatárs ;colleague;[sound:NewEnglishFileIntHU410791A.mp3];x;4C
410792;kóma ;coma;[sound:NewEnglishFileIntHU410792A.mp3];x;4C
410793;fésül / fésű ;comb;[sound:NewEnglishFileIntHU410793A.mp3];x;4C
410794;felveszi vkivel a kapcsolatot ;contact somebody;[sound:NewEnglishFileIntHU410794A.mp3];x;4C
410795;zárda ;convent;[sound:NewEnglishFileIntHU410795A.mp3];x;4C
410796;hagyományos ;conventional;[sound:NewEnglishFileIntHU410796A.mp3];x;4C
410797;címjegyzék ;directory;[sound:NewEnglishFileIntHU410797A.mp3];x;4C
410798;szerelmes lesz vkibe ;fall in love with somebody;[sound:NewEnglishFileIntHU410798A.mp3];x;4C
410799;barátság ;friendship;[sound:NewEnglishFileIntHU410799A.mp3];x;4C
410800;jól kijön vkivel ;get on well with somebody;[sound:NewEnglishFileIntHU410800A.mp3];x;4C
410801;van közös vonása/érdeklődése vkivel ;have something in common;[sound:NewEnglishFileIntHU410801A.mp3];x;4C
410802;vmit keresve ;in search of something;[sound:NewEnglishFileIntHU410802A.mp3];x;4C
410803;intenzív, erőteljes ;intense;[sound:NewEnglishFileIntHU410803A.mp3];x;4C
410804;intim ;intimate;[sound:NewEnglishFileIntHU410804A.mp3];x;4C
410805;kapcsolatot tart vkivel ;keep in touch with somebody;[sound:NewEnglishFileIntHU410805A.mp3];x;4C
410806;tud, ismer ;know;[sound:NewEnglishFileIntHU410806A.mp3];x;4C
410807;elveszti a kapcsolatot vkivel ;lose touch with somebody;[sound:NewEnglishFileIntHU410807A.mp3];x;4C
410808;találkozik ;meet;[sound:NewEnglishFileIntHU410808A.mp3];x;4C
410809;tag ;member;[sound:NewEnglishFileIntHU410809A.mp3];x;4C
410810;megígér  (v);promise;[sound:NewEnglishFileIntHU410810A.mp3];x;4C
410811;valódi ;real;[sound:NewEnglishFileIntHU410811A.mp3];x;4C
410812;lázadó  (n);rebel;[sound:NewEnglishFileIntHU410812A.mp3];x;4C
410813;elismer ;recognize;[sound:NewEnglishFileIntHU410813A.mp3];x;4C
410814;regisztrál  (v);register ;[sound:NewEnglishFileIntHU410814A.mp3];x;4C
410815;felfed, elárul, leleplez ;reveal;[sound:NewEnglishFileIntHU410815A.mp3];x;4C
410816;kortyol ;sip;[sound:NewEnglishFileIntHU410816A.mp3];x;4C
410817;társasági életet él ;socialize;[sound:NewEnglishFileIntHU410817A.mp3];x;4C
410818;szál ;strand;[sound:NewEnglishFileIntHU410818A.mp3];x;4C
410819;siker ;success;[sound:NewEnglishFileIntHU410819A.mp3];x;4C
410820;felszínes ;superficial;[sound:NewEnglishFileIntHU410820A.mp3];x;4C
410821;weboldal ;web page;[sound:NewEnglishFileIntHU410821A.mp3];x;4C
410822;cél ;aim;[sound:NewEnglishFileIntHU410822A.mp3];x;5A
410823;egyensúly  (n);balance;[sound:NewEnglishFileIntHU410823A.mp3];x;5A
410824;bátorít, buzdít, ösztönöz ;encourage;[sound:NewEnglishFileIntHU410824A.mp3];x;5A
410825;íz, ízesítés  (n);flavour ;[sound:NewEnglishFileIntHU410825A.mp3];x;5A
410826;globális ;global;[sound:NewEnglishFileIntHU410826A.mp3];x;5A
410827;növel, növekszik  (v);increase;[sound:NewEnglishFileIntHU410827A.mp3];x;5A
410828;bio ;organic;[sound:NewEnglishFileIntHU410828A.mp3];x;5A
410829;véd, óv ;protect;[sound:NewEnglishFileIntHU410829A.mp3];x;5A
410830;csökkent ;reduce;[sound:NewEnglishFileIntHU410830A.mp3];x;5A
410831;tragikus ;tragic;[sound:NewEnglishFileIntHU410831A.mp3];x;5A
410832;külföldön ;abroad;[sound:NewEnglishFileIntHU410832A.mp3];x;5A
410833;betilt ;ban;[sound:NewEnglishFileIntHU410833A.mp3];x;5A
410834;hasznot húz  (v);benefit;[sound:NewEnglishFileIntHU410834A.mp3];x;5A
410835;ellenforradalom ;counter-revolution;[sound:NewEnglishFileIntHU410835A.mp3];x;5A
410836;nagyon boldog ;delighted;[sound:NewEnglishFileIntHU410836A.mp3];x;5A
410837;hűtő ;fridge;[sound:NewEnglishFileIntHU410837A.mp3];x;5A
410838;kormány (államé) ;government;[sound:NewEnglishFileIntHU410838A.mp3];x;5A
410839;tornaterem, edzőterem ;gym;[sound:NewEnglishFileIntHU410839A.mp3];x;5A
410840;szinte sosem, alig valamikor ;hardly ever;[sound:NewEnglishFileIntHU410840A.mp3];x;5A
410841;helyett ;instead;[sound:NewEnglishFileIntHU410841A.mp3];x;5A
410842;testedzést végezni, fittnek maradni ;keep fit;[sound:NewEnglishFileIntHU410842A.mp3];x;5A
410843;nevet ;laugh;[sound:NewEnglishFileIntHU410843A.mp3];x;5A
410844;élénk, mozgalmas ;lively;[sound:NewEnglishFileIntHU410844A.mp3];x;5A
410845;nagy tömegben gyártott ;mass-produced;[sound:NewEnglishFileIntHU410845A.mp3];x;5A
410846;meditáció ;meditation;[sound:NewEnglishFileIntHU410846A.mp3];x;5A
410847;előléptet / reklámoz ;promote;[sound:NewEnglishFileIntHU410847A.mp3];x;5A
410848;javasol ;propose;[sound:NewEnglishFileIntHU410848A.mp3];x;5A
410849;emlékeztet ;remind;[sound:NewEnglishFileIntHU410849A.mp3];x;5A
410850;(helyi) lakos ;resident;[sound:NewEnglishFileIntHU410850A.mp3];x;5A
410851;szabály ;rule;[sound:NewEnglishFileIntHU410851A.mp3];x;5A
410852;fizetés ;salary;[sound:NewEnglishFileIntHU410852A.mp3];x;5A
410853;kielégítő, örömet okozó ;satisfying;[sound:NewEnglishFileIntHU410853A.mp3];x;5A
410854;barátokkal találkozik ;see friends;[sound:NewEnglishFileIntHU410854A.mp3];x;5A
410855;hasonló ;similar;[sound:NewEnglishFileIntHU410855A.mp3];x;5A
410856;sikerül ;succeed;[sound:NewEnglishFileIntHU410856A.mp3];x;5A
410857;túlél ;survive;[sound:NewEnglishFileIntHU410857A.mp3];X;5A
410858;borravaló  (n);tip;[sound:NewEnglishFileIntHU410858A.mp3];X;5A
410859;kemény, nehéz ;tough;[sound:NewEnglishFileIntHU410859A.mp3];X;5A
410860;munkanélküliség ;unemployment;[sound:NewEnglishFileIntHU410860A.mp3];X;5A
410861;érték ;value;[sound:NewEnglishFileIntHU410861A.mp3];X;5A
410862;vadvilág ;wildlife;[sound:NewEnglishFileIntHU410862A.mp3];X;5A
410863;… szerint ;according to;[sound:NewEnglishFileIntHU410863A.mp3];X;5B
410864;pletyka ;gossip;[sound:NewEnglishFileIntHU410864A.mp3];X;5B
410865;bár, habár ;however;[sound:NewEnglishFileIntHU410865A.mp3];X;5B
410866;általában ;in general;[sound:NewEnglishFileIntHU410866A.mp3];X;5B
410867;köröm ;(finger) nail;[sound:NewEnglishFileIntHU410867A.mp3];X;5B
410868;másrészt ;on the other hand;[sound:NewEnglishFileIntHU410868A.mp3];X;5B
410869;sima, egyenletes ;smooth;[sound:NewEnglishFileIntHU410869A.mp3];X;5B
410870;szappan ;soap;[sound:NewEnglishFileIntHU410870A.mp3];X;5B
410871;ragadós, ragacsos ;sticky;[sound:NewEnglishFileIntHU410871A.mp3];X;5B
410872;míg, ellenben ;whereas;[sound:NewEnglishFileIntHU410872A.mp3];X;5B
410873;hiányzik ;absent;[sound:NewEnglishFileIntHU410873A.mp3];X;5B
410874;csodál ;admire;[sound:NewEnglishFileIntHU410874A.mp3];X;5B
410875;évforduló ;anniversary;[sound:NewEnglishFileIntHU410875A.mp3];X;5B
410876;eltévedt ;be lost;[sound:NewEnglishFileIntHU410876A.mp3];X;5B
410877;cseveg  (v);chat;[sound:NewEnglishFileIntHU410877A.mp3];X;5B
410878;tisztít (sebet, bőrt) ;cleanse;[sound:NewEnglishFileIntHU410878A.mp3];X;5B
410879;koncentrál, összpontosít ;concentrate;[sound:NewEnglishFileIntHU410879A.mp3];X;5B
410880;isteni ;divine;[sound:NewEnglishFileIntHU410880A.mp3];X;5B
410881;lemezlovas ;DJ;[sound:NewEnglishFileIntHU410881A.mp3];X;5B
410882;arc- ;facial;[sound:NewEnglishFileIntHU410882A.mp3];X;5B
410883;komolytalan, könnyelmű, frivol ;frivolous;[sound:NewEnglishFileIntHU410883A.mp3];X;5B
410884;üzemanyag befecskendezés ;fuel injection;[sound:NewEnglishFileIntHU410884A.mp3];X;5B
410885;örül ;glad;[sound:NewEnglishFileIntHU410885A.mp3];X;5B
410886;menny ;heaven;[sound:NewEnglishFileIntHU410886A.mp3];X;5B
410887;üzenet ;massage;[sound:NewEnglishFileIntHU410887A.mp3];X;5B
410888;multinacionális, többnemzetiségű ;multinational;[sound:NewEnglishFileIntHU410888A.mp3];X;5B
410889;pedikűr ;pedicure;[sound:NewEnglishFileIntHU410889A.mp3];X;5B
410890;bolygó ;planet;[sound:NewEnglishFileIntHU410890A.mp3];X;5B
410891;szórakozik, játszadozik (átv.) ;play games;[sound:NewEnglishFileIntHU410891A.mp3];X;5B
410892;fényesítés, fényezés  (n);polish;[sound:NewEnglishFileIntHU410892A.mp3];X;5B
410893;ügynök, eladó ;salesman;[sound:NewEnglishFileIntHU410893A.mp3];X;5B
410894;szauna ;sauna;[sound:NewEnglishFileIntHU410894A.mp3];X;5B
410895;lepedő ;sheet;[sound:NewEnglishFileIntHU410895A.mp3];X;5B
410896;bőr ;skin;[sound:NewEnglishFileIntHU410896A.mp3];X;5B
410897;fürdő, gyógyközpont ;spa;[sound:NewEnglishFileIntHU410897A.mp3];X;5B
410898;otthon marad, nem mozdul ki ;stay in;[sound:NewEnglishFileIntHU410898A.mp3];X;5B
410899;gőz ;steam;[sound:NewEnglishFileIntHU410899A.mp3];X;5B
410900;ragaszkodik vmihez ;stick to  something;[sound:NewEnglishFileIntHU410900A.mp3];X;5B
410901;kaszkadőr ;stuntman;[sound:NewEnglishFileIntHU410901A.mp3];X;5B
410902;alany ;subject;[sound:NewEnglishFileIntHU410902A.mp3];X;5B
410903;öltöny ;suit;[sound:NewEnglishFileIntHU410903A.mp3];X;5B
410904;hajlamos ;tend to;[sound:NewEnglishFileIntHU410904A.mp3];X;5B
410905;termál ;thermal;[sound:NewEnglishFileIntHU410905A.mp3];X;5B
410906;téma, tárgy ;topic;[sound:NewEnglishFileIntHU410906A.mp3];X;5B
410907;edző ;trainer;[sound:NewEnglishFileIntHU410907A.mp3];X;5B
410908;kezelés ;treatment;[sound:NewEnglishFileIntHU410908A.mp3];X;5B
410909;jelentéktelen, elhanyagolható ;trivial;[sound:NewEnglishFileIntHU410909A.mp3];X;5B
410910;Munka ;Work;[sound:NewEnglishFileIntHU410910A.mp3];X;5C
410911;könyvelő ;accountant;[sound:NewEnglishFileIntHU410911A.mp3];X;5C
410912;színész ;actor;[sound:NewEnglishFileIntHU410912A.mp3];X;5C
410913;főszakács ;chef;[sound:NewEnglishFileIntHU410913A.mp3];X;5C
410914;karmester ;conductor;[sound:NewEnglishFileIntHU410914A.mp3];X;5C
410915;szerződés ;contract;[sound:NewEnglishFileIntHU410915A.mp3];X;5C
410916;villanyszerelő ;electrician;[sound:NewEnglishFileIntHU410916A.mp3];X;5C
410917;tapasztalat ;experience;[sound:NewEnglishFileIntHU410917A.mp3];X;5C
410918;fix munkaidő ;fixed hours;[sound:NewEnglishFileIntHU410918A.mp3];X;5C
410919;teljes állás ;full-time job;[sound:NewEnglishFileIntHU410919A.mp3];X;5C
410920;meg van bízva vmivel ;in charge of;[sound:NewEnglishFileIntHU410920A.mp3];X;5C
410921;jogász ;lawyer;[sound:NewEnglishFileIntHU410921A.mp3];X;5C
410922;könyvtáros ;librarian;[sound:NewEnglishFileIntHU410922A.mp3];X;5C
410923;részmunkaidős állás ;part-time job;[sound:NewEnglishFileIntHU410923A.mp3];X;5C
410924;állandó ;permanent;[sound:NewEnglishFileIntHU410924A.mp3];X;5C
410925;vízvezetékszerelő ;plumber;[sound:NewEnglishFileIntHU410925A.mp3];X;5C
410926;pszichológus ;psychologist;[sound:NewEnglishFileIntHU410926A.mp3];X;5C
410927;képesítések ;qualifications;[sound:NewEnglishFileIntHU410927A.mp3];X;5C
410928;felmond ;resign;[sound:NewEnglishFileIntHU410928A.mp3];X;5C
410929;felelős vmiért ;responsible for something;[sound:NewEnglishFileIntHU410929A.mp3];X;5C
410930;nyugdíjba vonul ;retire;[sound:NewEnglishFileIntHU410930A.mp3];X;5C
410931;tudós ;scientist;[sound:NewEnglishFileIntHU410931A.mp3];X;5C
410932;magánvállalkozó ;self-employed;[sound:NewEnglishFileIntHU410932A.mp3];X;5C
410933;ideiglenes ;temporary;[sound:NewEnglishFileIntHU410933A.mp3];X;5C
410934;képzés, továbbképzés, tanfolyam ;training course;[sound:NewEnglishFileIntHU410934A.mp3];X;5C
410935;munkaidő  (pl n);working hours;[sound:NewEnglishFileIntHU410935A.mp3];X;5C
410936;versenyző ;contestant;[sound:NewEnglishFileIntHU410936A.mp3];X;5C
410937;ipar ;industry;[sound:NewEnglishFileIntHU410937A.mp3];X;5C
410938;bíró  (n);judge;[sound:NewEnglishFileIntHU410938A.mp3];X;5C
410939;marketing ;marketing;[sound:NewEnglishFileIntHU410939A.mp3];X;5C
410940;parlamenti képviselő ;MP (Member of Parliament);[sound:NewEnglishFileIntHU410940A.mp3];X;5C
410941;úgy tesz, mintha / tettet ;pretend  something;[sound:NewEnglishFileIntHU410941A.mp3];X;5C
410942;megbán vmit ;regret something;[sound:NewEnglishFileIntHU410942A.mp3];X;5C
410943;kereskedelmi osztály  (pl n);sales;[sound:NewEnglishFileIntHU410943A.mp3];X;5C
410944;tűnik, látszik ;seem;[sound:NewEnglishFileIntHU410944A.mp3];X;5C
410945;tévésorozat ;TV series ;[sound:NewEnglishFileIntHU410945A.mp3];X;5C
410946;szavaz  (v);vote;[sound:NewEnglishFileIntHU410946A.mp3];X;5C
410947;alternatívan, vagy, esetleg ;alternatively;[sound:NewEnglishFileIntHU410947A.mp3];X;5C
410948;analitikus, elemző ;analytical;[sound:NewEnglishFileIntHU410948A.mp3];X;5C
410949;jelentkezik egy állásra ;apply for a job;[sound:NewEnglishFileIntHU410949A.mp3];X;5C
410950;építészet ;architecture;[sound:NewEnglishFileIntHU410950A.mp3];X;5C
410951;főnök ;boss;[sound:NewEnglishFileIntHU410951A.mp3];X;5C
410952;odaadó, gondoskodó ;caring;[sound:NewEnglishFileIntHU410952A.mp3];X;5C
410953;kihívás  (n);challenge;[sound:NewEnglishFileIntHU410953A.mp3];X;5C
410954;bűnöző ;criminal;[sound:NewEnglishFileIntHU410954A.mp3];X;5C
410955;önéletrajz ;CV;[sound:NewEnglishFileIntHU410955A.mp3];X;5C
410956;túlórázik ;do overtime;[sound:NewEnglishFileIntHU410956A.mp3];X;5C
410957;választás ;election;[sound:NewEnglishFileIntHU410957A.mp3];X;5C
410958;alkalmazott ;employee;[sound:NewEnglishFileIntHU410958A.mp3];X;5C
410959;mérnöki tudományok ;engineering;[sound:NewEnglishFileIntHU410959A.mp3];X;5C
410960;megkap egy állást ;get a job;[sound:NewEnglishFileIntHU410960A.mp3];X;5C
410961;improvizál, rögtönöz ;improvise;[sound:NewEnglishFileIntHU410961A.mp3];X;5C
410962;ösztön ;instinct;[sound:NewEnglishFileIntHU410962A.mp3];X;5C
410963;felvételi beszélgetés, állás interjú  ;interview;[sound:NewEnglishFileIntHU410963A.mp3];X;5C
410964;optimista ;optimistic;[sound:NewEnglishFileIntHU410964A.mp3];X;5C
410965;meggyőz, rábeszél vkit vmire ;persuade somebody to so something;[sound:NewEnglishFileIntHU410965A.mp3];X;5C
410966;politika  (pl n);politics ;[sound:NewEnglishFileIntHU410966A.mp3];X;5C
410967;szakember, profi  (n);professional;[sound:NewEnglishFileIntHU410967A.mp3];X;5C
410968;előléptetett  (adj);promoted;[sound:NewEnglishFileIntHU410968A.mp3];X;5C
410969;(könyv)kiadás ;publishing;[sound:NewEnglishFileIntHU410969A.mp3];X;5C
410970;megbüntet ;punish;[sound:NewEnglishFileIntHU410970A.mp3];X;5C
410971;kirúgták  (adj);sacked;[sound:NewEnglishFileIntHU410971A.mp3];X;5C
410972;fizetés ;salary;[sound:NewEnglishFileIntHU410972A.mp3];X;5C
410973;ráz  (v);shake;[sound:NewEnglishFileIntHU410973A.mp3];X;5C
410974;térbeli ;spatial;[sound:NewEnglishFileIntHU410974A.mp3];X;5C
410975;részvénypiac ;stock market;[sound:NewEnglishFileIntHU410975A.mp3];X;5C
410976;csapat ;team;[sound:NewEnglishFileIntHU410976A.mp3];X;5C
410977;elméleti ;theoretical;[sound:NewEnglishFileIntHU410977A.mp3];X;5C
410978;kemény, nehéz ;tough;[sound:NewEnglishFileIntHU410978A.mp3];X;5C
410979;munkanélküli ;unemployed;[sound:NewEnglishFileIntHU410979A.mp3];X;5C
410980;Vásárlás ;Shopping;[sound:NewEnglishFileIntHU410980A.mp3];X;6A
410981;pékség (üzlet) ;baker’s;[sound:NewEnglishFileIntHU410981A.mp3];X;6A
410982;alkalmi vétel ;bargain;[sound:NewEnglishFileIntHU410982A.mp3];X;6A
410983;kosár ;basket;[sound:NewEnglishFileIntHU410983A.mp3];X;6A
410984;könyvesbolt ;bookshop;[sound:NewEnglishFileIntHU410984A.mp3];X;6A
410985;hentes (üzlet) ;butcher’s;[sound:NewEnglishFileIntHU410985A.mp3];X;6A
410986;hitelre vásárol ;buy on credit;[sound:NewEnglishFileIntHU410986A.mp3];X;6A
410987;online (interneten keresztül) vásárol ;buy online;[sound:NewEnglishFileIntHU410987A.mp3];X;6A
410988;illatszerbolt ;chemist’s;[sound:NewEnglishFileIntHU410988A.mp3];X;6A
410989;reklamál ;complain;[sound:NewEnglishFileIntHU410989A.mp3];X;6A
410990;vásárló ;customer;[sound:NewEnglishFileIntHU410990A.mp3];X;6A
410991;áruház ;department store;[sound:NewEnglishFileIntHU410991A.mp3];X;6A
410992;árleszállítás ;discount;[sound:NewEnglishFileIntHU410992A.mp3];X;6A
410993;Csak körülnézek. ;I’m just looking;[sound:NewEnglishFileIntHU410993A.mp3];X;6A
410994;bevásárló központ ;mall;[sound:NewEnglishFileIntHU410994A.mp3];X;6A
410995;üzletvezető ;manager;[sound:NewEnglishFileIntHU410995A.mp3];X;6A
410996;hírlapárus ;newsagent’s;[sound:NewEnglishFileIntHU410996A.mp3];X;6A
410997;ÁFÁ-t fizet ;pay VAT;[sound:NewEnglishFileIntHU410997A.mp3];X;6A
410998;gyógyszertár, patika ;pharmacy;[sound:NewEnglishFileIntHU410998A.mp3];X;6A
410999;sor  (n);queue;[sound:NewEnglishFileIntHU410999A.mp3];X;6A
411000;blokk, nyugta ;receipt;[sound:NewEnglishFileIntHU411000A.mp3];X;6A
411001;visszatérítés, az ár visszafizetése ;refund;[sound:NewEnglishFileIntHU411001A.mp3];X;6A
411002;kiárusítás, leárazás  (pl n);sales;[sound:NewEnglishFileIntHU411002A.mp3];X;6A
411003;elad, árusít ;sell;[sound:NewEnglishFileIntHU411003A.mp3];X;6A
411004;cipőbolt ;shoe shop;[sound:NewEnglishFileIntHU411004A.mp3];X;6A
411005;bolti eladó ;shop assistant;[sound:NewEnglishFileIntHU411005A.mp3];X;6A
411006;kirakat ;shop window;[sound:NewEnglishFileIntHU411006A.mp3];X;6A
411007;bevásárlóközpont ;shopping centre;[sound:NewEnglishFileIntHU411007A.mp3];X;6A
411008;papír-írószer bolt ;stationer’s;[sound:NewEnglishFileIntHU411008A.mp3];X;6A
411009;piac ;street market;[sound:NewEnglishFileIntHU411009A.mp3];X;6A
411010;szupermarket ;supermarket;[sound:NewEnglishFileIntHU411010A.mp3];X;6A
411011;kassza  (n);till;[sound:NewEnglishFileIntHU411011A.mp3];X;6A
411012;utazási iroda ;travel agent’s;[sound:NewEnglishFileIntHU411012A.mp3];X;6A
411013;bevásárló kocsi ;trolley;[sound:NewEnglishFileIntHU411013A.mp3];X;6A
411014;felpróbál vmit ;try something on;[sound:NewEnglishFileIntHU411014A.mp3];X;6A
411015;ág ;branch;[sound:NewEnglishFileIntHU411015A.mp3];X;6A
411016;kártérítés, kárpótlás ;compensation;[sound:NewEnglishFileIntHU411016A.mp3];X;6A
411017;panasz, reklamáció ;complaint;[sound:NewEnglishFileIntHU411017A.mp3];X;6A
411018;szállít ;deliver;[sound:NewEnglishFileIntHU411018A.mp3];X;6A
411019;áruk  (pl n);goods;[sound:NewEnglishFileIntHU411019A.mp3];X;6A
411020;garancia ;guarantee;[sound:NewEnglishFileIntHU411020A.mp3];X;6A
411021;készleten ;in stock;[sound:NewEnglishFileIntHU411021A.mp3];X;6A
411022;hordozható számítógép, laptop ;laptop (computer);[sound:NewEnglishFileIntHU411022A.mp3];X;6A
411023;elavult, lejárt ;out of date;[sound:NewEnglishFileIntHU411023A.mp3];X;6A
411024;személyzet ;staff;[sound:NewEnglishFileIntHU411024A.mp3];X;6A
411025;érv ;argument;[sound:NewEnglishFileIntHU411025A.mp3];X;6A
411026;számla ;bill;[sound:NewEnglishFileIntHU411026A.mp3];X;6A
411027;kárpótol vmiért ;compensate (for something);[sound:NewEnglishFileIntHU411027A.mp3];X;6A
411028;házhozszállítás ;delivery;[sound:NewEnglishFileIntHU411028A.mp3];X;6A
411029;diagnosztizál, meghatároz, megállapít  (v);diagnose;[sound:NewEnglishFileIntHU411029A.mp3];X;6A
411030;szerencsére, szerencsésen ;luckily;[sound:NewEnglishFileIntHU411030A.mp3];X;6A
411031;rendel, megrendel  (v);order;[sound:NewEnglishFileIntHU411031A.mp3];X;6A
411032;kiváló, kiemelkedő ;outstanding;[sound:NewEnglishFileIntHU411032A.mp3];X;6A
411033;recepciós ;receptionist;[sound:NewEnglishFileIntHU411033A.mp3];X;6A
411034;lefoglal  (v);reserve ;[sound:NewEnglishFileIntHU411034A.mp3];X;6A
411035;kiskereskedő ;retailer;[sound:NewEnglishFileIntHU411035A.mp3];X;6A
411036;a királyi család tagja ;royalty;[sound:NewEnglishFileIntHU411036A.mp3];X;6A
411037;kielégítő, megfelelő ;satisfactory;[sound:NewEnglishFileIntHU411037A.mp3];X;6A
411038;szolgáltatás ;service;[sound:NewEnglishFileIntHU411038A.mp3];X;6A
411039;szoftver ;software;[sound:NewEnglishFileIntHU411039A.mp3];X;6A
411040;Mozi ;Cinema;[sound:NewEnglishFileIntHU411040A.mp3];X;6B
411041;akciófilm ;action film;[sound:NewEnglishFileIntHU411041A.mp3];X;6B
411042;közönség ;audience;[sound:NewEnglishFileIntHU411042A.mp3];X;6B
411043;vmi alapján ;based on;[sound:NewEnglishFileIntHU411043A.mp3];X;6B
411044;szereposztás ;cast;[sound:NewEnglishFileIntHU411044A.mp3];X;6B
411045;vígjáték ;comedy;[sound:NewEnglishFileIntHU411045A.mp3];X;6B
411046;rendez  (v);direct;[sound:NewEnglishFileIntHU411046A.mp3];X;6B
411047;rendező ;director;[sound:NewEnglishFileIntHU411047A.mp3];X;6B
411048;szinkronizál ;dub;[sound:NewEnglishFileIntHU411048A.mp3];X;6B
411049;extra ;extra;[sound:NewEnglishFileIntHU411049A.mp3];X;6B
411050;horrorfilm ;horror film;[sound:NewEnglishFileIntHU411050A.mp3];X;6B
411051;musical ;musical;[sound:NewEnglishFileIntHU411051A.mp3];X;6B
411052;külső helyszínen (nem stúdióban) ;on location;[sound:NewEnglishFileIntHU411052A.mp3];X;6B
411053;eljátszani a szerepet ;play the part;[sound:NewEnglishFileIntHU411053A.mp3];X;6B
411054;cselekmény ;plot;[sound:NewEnglishFileIntHU411054A.mp3];X;6B
411055;jelenet ;scene;[sound:NewEnglishFileIntHU411055A.mp3];X;6B
411056;sci-fi, tudományos-fantasztikus ;science fiction;[sound:NewEnglishFileIntHU411056A.mp3];X;6B
411057;forgatókönyv ;script;[sound:NewEnglishFileIntHU411057A.mp3];X;6B
411058;folytatás ;sequel;[sound:NewEnglishFileIntHU411058A.mp3];X;6B
411059;díszlet ;set;[sound:NewEnglishFileIntHU411059A.mp3];X;6B
411060;filmet forgat ;shoot a film;[sound:NewEnglishFileIntHU411060A.mp3];X;6B
411061;filmzene ;soundtrack;[sound:NewEnglishFileIntHU411061A.mp3];X;6B
411062;speciális effektek ;special effects;[sound:NewEnglishFileIntHU411062A.mp3];X;6B
411063;sztár ;star;[sound:NewEnglishFileIntHU411063A.mp3];X;6B
411064;felirat (filmen) ;subtitles;[sound:NewEnglishFileIntHU411064A.mp3];X;6B
411065;thriller, izgalmas olvasmány ;thriller;[sound:NewEnglishFileIntHU411065A.mp3];X;6B
411066;western ;western;[sound:NewEnglishFileIntHU411066A.mp3];X;6B
411067;lélegzetelállító ;breathtaking;[sound:NewEnglishFileIntHU411067A.mp3];X;6B
411068;elpusztít, lerombol, tönkretesz ;destroy;[sound:NewEnglishFileIntHU411068A.mp3];X;6B
411069;filmstáb ;film crew;[sound:NewEnglishFileIntHU411069A.mp3];X;6B
411070;forgatási helyszín ;film set;[sound:NewEnglishFileIntHU411070A.mp3];X;6B
411071;vezetett túra, kirándulás ;guided tour;[sound:NewEnglishFileIntHU411071A.mp3];X;6B
411072;tolmács ;interpreter;[sound:NewEnglishFileIntHU411072A.mp3];X;6B
411073;nagyszerű, gyönyörű, csodálatos ;magnificent;[sound:NewEnglishFileIntHU411073A.mp3];X;6B
411074;rémálom ;nightmare;[sound:NewEnglishFileIntHU411074A.mp3];X;6B
411075;eredeti helyszínen forgatott ;filmed on location;[sound:NewEnglishFileIntHU411075A.mp3];X;6B
411076;felejthetetlen ;unforgettable;[sound:NewEnglishFileIntHU411076A.mp3];X;6B
411077;harctér ;battlefield;[sound:NewEnglishFileIntHU411077A.mp3];X;6B
411078;bátorság ;courage;[sound:NewEnglishFileIntHU411078A.mp3];X;6B
411079;úticél ;destination;[sound:NewEnglishFileIntHU411079A.mp3];X;6B
411080;katasztrófa ;disaster;[sound:NewEnglishFileIntHU411080A.mp3];X;6B
411081;például ;for instance;[sound:NewEnglishFileIntHU411081A.mp3];X;6B
411082;vezetett, irányított (adj);guided;[sound:NewEnglishFileIntHU411082A.mp3];X;6B
411083;lenyűgözött  (adj);impressed;[sound:NewEnglishFileIntHU411083A.mp3];X;6B
411084;utasítás, instrukció ;instruction;[sound:NewEnglishFileIntHU411084A.mp3];X;6B
411085;tolmácsol ;interpret;[sound:NewEnglishFileIntHU411085A.mp3];X;6B
411086;folytat vmit ;keep doing something;[sound:NewEnglishFileIntHU411086A.mp3];X;6B
411087;remekmű, mestermunka ;masterpiece;[sound:NewEnglishFileIntHU411087A.mp3];X;6B
411088;cél ;objective;[sound:NewEnglishFileIntHU411088A.mp3];X;6B
411089;csomagol  (v);pack;[sound:NewEnglishFileIntHU411089A.mp3];X;6B
411090;újjáépít ;rebuild;[sound:NewEnglishFileIntHU411090A.mp3];X;6B
411091;kicserél, helyettesít ;replace;[sound:NewEnglishFileIntHU411091A.mp3];X;6B
411092;látvány ;scenery;[sound:NewEnglishFileIntHU411092A.mp3];X;6B
411093;aláír  (v);sign;[sound:NewEnglishFileIntHU411093A.mp3];X;6B
411094;beszéd ;speech;[sound:NewEnglishFileIntHU411094A.mp3];X;6B
411095;alkalmas, megfelelő ;suitable;[sound:NewEnglishFileIntHU411095A.mp3];X;6B
411096;fordít, lefordít ;translate;[sound:NewEnglishFileIntHU411096A.mp3];X;6B
411097;trilógia ;trilogy;[sound:NewEnglishFileIntHU411097A.mp3];X;6B
411098;lakatlan ;uninhabited;[sound:NewEnglishFileIntHU411098A.mp3];X;6B
411099;választás, választási lehetőség ;choice;[sound:NewEnglishFileIntHU411099A.mp3];X;6C
411100;éhség ;hunger;[sound:NewEnglishFileIntHU411100A.mp3];X;6C
411101;sértés  (n);insult;[sound:NewEnglishFileIntHU411101A.mp3];X;6C
411102;igazság ;justice;[sound:NewEnglishFileIntHU411102A.mp3];X;6C
411103;szegénység ;poverty;[sound:NewEnglishFileIntHU411103A.mp3];X;6C
411104;rasszista, fajgyűlölő ;racist;[sound:NewEnglishFileIntHU411104A.mp3];X;6C
411105;pénzt szerez, gyűjt ;raise money;[sound:NewEnglishFileIntHU411105A.mp3];X;6C
411106;menekült ;refugee;[sound:NewEnglishFileIntHU411106A.mp3];X;6C
411107;státusz ;status;[sound:NewEnglishFileIntHU411107A.mp3];X;6C
411108;elviselhetetlen ;unbearable;[sound:NewEnglishFileIntHU411108A.mp3];X;6C
411109;csodál vkit ;admire somebody;[sound:NewEnglishFileIntHU411109A.mp3];X;6C
411110;életben lévő, élő ;alive ;[sound:NewEnglishFileIntHU411110A.mp3];X;6C
411111;asztma ;asthma;[sound:NewEnglishFileIntHU411111A.mp3];X;6C
411112;díj, jutalom, kitüntetés  (n);award;[sound:NewEnglishFileIntHU411112A.mp3];X;6C
411113;tartozik vhova, vkihez ;belong;[sound:NewEnglishFileIntHU411113A.mp3];X;6C
411114;halott, holt ;dead ;[sound:NewEnglishFileIntHU411114A.mp3];X;6C
411115;demokratikus ;democratic;[sound:NewEnglishFileIntHU411115A.mp3];X;6C
411116;elegáns ;elegant;[sound:NewEnglishFileIntHU411116A.mp3];X;6C
411117;alapítvány ;foundation;[sound:NewEnglishFileIntHU411117A.mp3];X;6C
411118;hős ;hero;[sound:NewEnglishFileIntHU411118A.mp3];X;6C
411119;tisztelet  (n);honour;[sound:NewEnglishFileIntHU411119A.mp3];X;6C
411120;bálvány ;icon;[sound:NewEnglishFileIntHU411120A.mp3];X;6C
411121;betegség ;illness;[sound:NewEnglishFileIntHU411121A.mp3];X;6C
411122;megihlet, ösztönöz, inspirál ;inspire;[sound:NewEnglishFileIntHU411122A.mp3];X;6C
411123;megsért, sérteget  (v);insult;[sound:NewEnglishFileIntHU411123A.mp3];X;6C
411124;törvény ;law;[sound:NewEnglishFileIntHU411124A.mp3];X;6C
411125;ügy  (n);matter;[sound:NewEnglishFileIntHU411125A.mp3];X;6C
411126;gyógyszer ;medicine;[sound:NewEnglishFileIntHU411126A.mp3];X;6C
411127;becenév ;nickname;[sound:NewEnglishFileIntHU411127A.mp3];X;6C
411128;egyébként ;otherwise;[sound:NewEnglishFileIntHU411128A.mp3];X;6C
411129;penny (1/100 font) ;penny;[sound:NewEnglishFileIntHU411129A.mp3];X;6C
411130;poszter, plakát ;poster;[sound:NewEnglishFileIntHU411130A.mp3];X;6C
411131;díj, jutalom ;prize;[sound:NewEnglishFileIntHU411131A.mp3];X;6C
411132;rasszizmus, fajgyűlölet ;racism;[sound:NewEnglishFileIntHU411132A.mp3];X;6C
411133;kirúg vkit  (v);sack;[sound:NewEnglishFileIntHU411133A.mp3];X;6C
411134;sztár ;star;[sound:NewEnglishFileIntHU411134A.mp3];X;6C
411135;fáradhatatlanul ;tirelessly;[sound:NewEnglishFileIntHU411135A.mp3];X;6C
411136;beolt ;vaccinate;[sound:NewEnglishFileIntHU411136A.mp3];X;6C
411137;tűnődik  (v);wonder ;[sound:NewEnglishFileIntHU411137A.mp3];X;6C
411138;elér (pl. célt) ;achieve (a goal);[sound:NewEnglishFileIntHU411138A.mp3];X;7A
411139;nekimegy vminek ;bump into something ;[sound:NewEnglishFileIntHU411139A.mp3];X;7A
411140;fedélzeti személyzet ;cabin crew;[sound:NewEnglishFileIntHU411140A.mp3];X;7A
411141;meggyőz vkit ;convince;[sound:NewEnglishFileIntHU411141A.mp3];X;7A
411142;elalszik ;fall asleep;[sound:NewEnglishFileIntHU411142A.mp3];X;7A
411143;szívroham ;heart attack;[sound:NewEnglishFileIntHU411143A.mp3];X;7A
411144;ösztön ;instinct;[sound:NewEnglishFileIntHU411144A.mp3];X;7A
411145;hiányzik neki vki ;miss somebody;[sound:NewEnglishFileIntHU411145A.mp3];X;7A
411146;megnyom (pl. egy gombot) ;press (a button);[sound:NewEnglishFileIntHU411146A.mp3];X;7A
411147;változik, különbözik ;vary;[sound:NewEnglishFileIntHU411147A.mp3];X;7A
411148;lefoglal vmit ;book something;[sound:NewEnglishFileIntHU411148A.mp3];X;7A
411149;kardiológus ;cardiologist;[sound:NewEnglishFileIntHU411149A.mp3];X;7A
411150;óvatos ;careful;[sound:NewEnglishFileIntHU411150A.mp3];X;7A
411151;felelőtlen ;careless;[sound:NewEnglishFileIntHU411151A.mp3];X;7A
411152;elkövet ;commit;[sound:NewEnglishFileIntHU411152A.mp3];X;7A
411153;dobókocka ;dice;[sound:NewEnglishFileIntHU411153A.mp3];X;7A
411154;erőfeszítés, fáradozás ;effort;[sound:NewEnglishFileIntHU411154A.mp3];X;7A
411155;vészhelyzet ;emergency;[sound:NewEnglishFileIntHU411155A.mp3];X;7A
411156;eljegyzés ;engagement;[sound:NewEnglishFileIntHU411156A.mp3];X;7A
411157;vőlegény ;fiancé;[sound:NewEnglishFileIntHU411157A.mp3];X;7A
411158;szerencsés ;fortunate;[sound:NewEnglishFileIntHU411158A.mp3];X;7A
411159;eredeti ;genuine;[sound:NewEnglishFileIntHU411159A.mp3];X;7A
411160;ironikus ;ironic;[sound:NewEnglishFileIntHU411160A.mp3];X;7A
411161;hátrahagy ;leave behind;[sound:NewEnglishFileIntHU411161A.mp3];X;7A
411162;lista  (n);list;[sound:NewEnglishFileIntHU411162A.mp3];X;7A
411163;szerencse ;luck;[sound:NewEnglishFileIntHU411163A.mp3];X;7A
411164;szerencsés ;lucky;[sound:NewEnglishFileIntHU411164A.mp3];X;7A
411165;észrevesz, rájön ;realize;[sound:NewEnglishFileIntHU411165A.mp3];X;7A
411166;rutin ;routine;[sound:NewEnglishFileIntHU411166A.mp3];X;7A
411167;rohanás, tolongás  (n);rush;[sound:NewEnglishFileIntHU411167A.mp3];X;7A
411168;sikít  (v);scream;[sound:NewEnglishFileIntHU411168A.mp3];X;7A
411169;tűnik, látszik ;seem;[sound:NewEnglishFileIntHU411169A.mp3];X;7A
411170;megoldás ;solution;[sound:NewEnglishFileIntHU411170A.mp3];X;7A
411171;megold egy problémát ;solve a problem;[sound:NewEnglishFileIntHU411171A.mp3];X;7A
411172;meglepetés  (n);surprise;[sound:NewEnglishFileIntHU411172A.mp3];X;7A
411173;módszer ;technique;[sound:NewEnglishFileIntHU411173A.mp3];X;7A
411174;repülőtér(i terminál) ;terminal;[sound:NewEnglishFileIntHU411174A.mp3];X;7A
411175;szerencsétlen, sajnálatos ;unfortunate;[sound:NewEnglishFileIntHU411175A.mp3];X;7A
411176;szerencsétlen, szerencsétlenséget hozó ;unlucky;[sound:NewEnglishFileIntHU411176A.mp3];X;7A
411177;bizonytalan, pontatlan ;vague;[sound:NewEnglishFileIntHU411177A.mp3];X;7A
411178;esküvő ;wedding;[sound:NewEnglishFileIntHU411178A.mp3];X;7A
411179;félelem  (n);fear;[sound:NewEnglishFileIntHU411179A.mp3];X;7B
411180;képzeletbeli, kitalált ;fictional;[sound:NewEnglishFileIntHU411180A.mp3];X;7B
411181;ködös ;foggy;[sound:NewEnglishFileIntHU411181A.mp3];X;7B
411182;ártatlan ;innocent;[sound:NewEnglishFileIntHU411182A.mp3];X;7B
411183;gyilkos ;murderer;[sound:NewEnglishFileIntHU411183A.mp3];X;7B
411184;pánik  (n);panic;[sound:NewEnglishFileIntHU411184A.mp3];X;7B
411185;bizonyít, bebizonyít ;prove;[sound:NewEnglishFileIntHU411185A.mp3];X;7B
411186;gyanúsított  (n);suspect ;[sound:NewEnglishFileIntHU411186A.mp3];X;7B
411187;elmélet ;theory;[sound:NewEnglishFileIntHU411187A.mp3];X;7B
411188;áldozat ;victim;[sound:NewEnglishFileIntHU411188A.mp3];X;7B
411189;beismer, bevall ;admit;[sound:NewEnglishFileIntHU411189A.mp3];X;7B
411190;munkatárs, üzlettárs ;associate;[sound:NewEnglishFileIntHU411190A.mp3];X;7B
411191;brutális, kegyetlen ;brutal;[sound:NewEnglishFileIntHU411191A.mp3];X;7B
411192;évszázad ;century;[sound:NewEnglishFileIntHU411192A.mp3];X;7B
411193;nyomozó, detektív ;detective;[sound:NewEnglishFileIntHU411193A.mp3];X;7B
411194;DNS ;DNA;[sound:NewEnglishFileIntHU411194A.mp3];X;7B
411195;lebilincselt, elbűvölt  (adj);fascinated;[sound:NewEnglishFileIntHU411195A.mp3];X;7B
411196;homlok ;forehead;[sound:NewEnglishFileIntHU411196A.mp3];X;7B
411197;keresztszülő ;godparent;[sound:NewEnglishFileIntHU411197A.mp3];X;7B
411198;hihetetlen ;incredible;[sound:NewEnglishFileIntHU411198A.mp3];X;7B
411199;lakos, lakó ;inhabitant;[sound:NewEnglishFileIntHU411199A.mp3];X;7B
411200;kicsúfol, kinevet, kifiguráz vkit ;make fun of somebody;[sound:NewEnglishFileIntHU411200A.mp3];X;7B
411201;kereskedő ;merchant;[sound:NewEnglishFileIntHU411201A.mp3];X;7B
411202;gyilkosság  (n);murder ;[sound:NewEnglishFileIntHU411202A.mp3];X;7B
411203;rejtély ;mystery;[sound:NewEnglishFileIntHU411203A.mp3];X;7B
411204;bólint ;nod;[sound:NewEnglishFileIntHU411204A.mp3];X;7B
411205;emelkedik ;rise;[sound:NewEnglishFileIntHU411205A.mp3];X;7B
411206;rablás ;robbery;[sound:NewEnglishFileIntHU411206A.mp3];X;7B
411207;dörzsöl ;rub;[sound:NewEnglishFileIntHU411207A.mp3];X;7B
411208;gúny ;sarcasm;[sound:NewEnglishFileIntHU411208A.mp3];X;7B
411209;jelzés ;signal;[sound:NewEnglishFileIntHU411209A.mp3];X;7B
411210;tanú ;witness;[sound:NewEnglishFileIntHU411210A.mp3];X;7B
411211;Többszavas igék ;Phrasal verbs;[sound:NewEnglishFileIntHU411211A.mp3];X;7C
411212;kér vmit ;ask for something;[sound:NewEnglishFileIntHU411212A.mp3];X;7C
411213;szakít vkivel ;break up with somebody;[sound:NewEnglishFileIntHU411213A.mp3];X;7C
411214;nekimegy vminek ;bump into something;[sound:NewEnglishFileIntHU411214A.mp3];X;7C
411215;váratlanul összefut vkivel ;bump into somebody;[sound:NewEnglishFileIntHU411215A.mp3];X;7C
411216;visszahív vkit ;call back;[sound:NewEnglishFileIntHU411216A.mp3];X;7C
411217;megnyugszik / megnyugtat vkit ;calm down ;[sound:NewEnglishFileIntHU411217A.mp3];X;7C
411218;folytat vmit ;carry on;[sound:NewEnglishFileIntHU411218A.mp3];X;7C
411219;bejelentkezik vhová ;check in;[sound:NewEnglishFileIntHU411219A.mp3];X;7C
411220;begombol vmit, felhúzza a sliccét ;do up;[sound:NewEnglishFileIntHU411220A.mp3];X;7C
411221;étteremben étkezik ;eat out;[sound:NewEnglishFileIntHU411221A.mp3];X;7C
411222;kiderít, megtud vmit ;find out;[sound:NewEnglishFileIntHU411222A.mp3];X;7C
411223;visszatér, hazatér ;get back;[sound:NewEnglishFileIntHU411223A.mp3];X;7C
411224;kijön vkivel ;get on with;[sound:NewEnglishFileIntHU411224A.mp3];X;7C
411225;elajándékoz ;give away;[sound:NewEnglishFileIntHU411225A.mp3];X;7C
411226;felhagy vmivel / felad vmit ;give up;[sound:NewEnglishFileIntHU411226A.mp3];X;7C
411227;jár vkivel ;go out (with);[sound:NewEnglishFileIntHU411227A.mp3];X;7C
411228;felnő ;grow up;[sound:NewEnglishFileIntHU411228A.mp3];X;7C
411229;leteszi a kagylót ;hang up;[sound:NewEnglishFileIntHU411229A.mp3];X;7C
411230;vigyáz vkire ;look after;[sound:NewEnglishFileIntHU411230A.mp3];X;7C
411231;vár vmit ;look forward to;[sound:NewEnglishFileIntHU411231A.mp3];X;7C
411232;vigyáz (óvatos) ;look out;[sound:NewEnglishFileIntHU411232A.mp3];X;7C
411233;átváltoztat vkit / vmit ;make into;[sound:NewEnglishFileIntHU411233A.mp3];X;7C
411234;kitalál, kiagyal vmit ;make up;[sound:NewEnglishFileIntHU411234A.mp3];X;7C
411235;meghal, elhuny ;pass away;[sound:NewEnglishFileIntHU411235A.mp3];X;7C
411236;érte megy, felvesz vkit (autóval) ;pick somebody up;[sound:NewEnglishFileIntHU411236A.mp3];X;7C
411237;felvesz, összeszed vmit ;pick something up;[sound:NewEnglishFileIntHU411237A.mp3];X;7C
411238;csatlakoztat, bedug ;plug in;[sound:NewEnglishFileIntHU411238A.mp3];X;7C
411239;mindent elad, kiárusít ;sell out;[sound:NewEnglishFileIntHU411239A.mp3];X;7C
411240;elindul ;set off;[sound:NewEnglishFileIntHU411240A.mp3];X;7C
411241;alapít, létesít, létrehoz ;set up;[sound:NewEnglishFileIntHU411241A.mp3];X;7C
411242;lassít, lelassul ;slow down;[sound:NewEnglishFileIntHU411242A.mp3];X;7C
411243;megold, rendez, elintéz ;sort out;[sound:NewEnglishFileIntHU411243A.mp3];X;7C
411244;kikapcsol ;switch off;[sound:NewEnglishFileIntHU411244A.mp3];X;7C
411245;visszavisz, visszavon ;take back;[sound:NewEnglishFileIntHU411245A.mp3];X;7C
411246;felszáll ;take off;[sound:NewEnglishFileIntHU411246A.mp3];X;7C
411247;kivesz (pénzt a bankból) ;take out;[sound:NewEnglishFileIntHU411247A.mp3];X;7C
411248;belefog, belekezd vmibe ;take up;[sound:NewEnglishFileIntHU411248A.mp3];X;7C
411249;eldob vmit ;throw something away;[sound:NewEnglishFileIntHU411249A.mp3];X;7C
411250;lehalkít  ;turn down;[sound:NewEnglishFileIntHU411250A.mp3];X;7C
411251;bekapcsol ;turn on;[sound:NewEnglishFileIntHU411251A.mp3];X;7C
411252;felhangosít ;turn up;[sound:NewEnglishFileIntHU411252A.mp3];X;7C
411253;bemelegít ;warm up;[sound:NewEnglishFileIntHU411253A.mp3];X;7C
411254;felnevel (gyerekeket) ;bring up (children);[sound:NewEnglishFileIntHU411254A.mp3];X;7C
411255;gyertya ;candle;[sound:NewEnglishFileIntHU411255A.mp3];X;7C
411256;villany, elektromosság ;electricity;[sound:NewEnglishFileIntHU411256A.mp3];X;7C
411257;mélyhűtő ;freezer;[sound:NewEnglishFileIntHU411257A.mp3];X;7C
411258;vasaló ;iron;[sound:NewEnglishFileIntHU411258A.mp3];X;7C
411259;izzó, villanykörte ;light bulb;[sound:NewEnglishFileIntHU411259A.mp3];X;7C
411260;(a földből) él ;live off (the land);[sound:NewEnglishFileIntHU411260A.mp3];X;7C
411261;porszívó ;vacuum cleaner;[sound:NewEnglishFileIntHU411261A.mp3];X;7C
411262;akkumulátor, elem ;battery;[sound:NewEnglishFileIntHU411262A.mp3];X;7C
411263;tölt, feltölt ;charge;[sound:NewEnglishFileIntHU411263A.mp3];X;7C
411264;beszélgetős műsor ;chat show;[sound:NewEnglishFileIntHU411264A.mp3];X;7C
411265;megfázás  (n);cold;[sound:NewEnglishFileIntHU411265A.mp3];X;7C
411266;sarok ;corner;[sound:NewEnglishFileIntHU411266A.mp3];X;7C
411267;köhögés  (n);cough;[sound:NewEnglishFileIntHU411267A.mp3];X;7C
411268;megbeszél ;discuss;[sound:NewEnglishFileIntHU411268A.mp3];X;7C
411269;először is ;first and foremost;[sound:NewEnglishFileIntHU411269A.mp3];X;7C
411270;rugalmas ;flexible;[sound:NewEnglishFileIntHU411270A.mp3];X;7C
411271;eszköz, szerkentyű ;gadget;[sound:NewEnglishFileIntHU411271A.mp3];X;7C
411272;felrobban, durran, csattan ;go off;[sound:NewEnglishFileIntHU411272A.mp3];X;7C
411273;termeszt vmit ;grow something;[sound:NewEnglishFileIntHU411273A.mp3];X;7C
411274;szokás ;habit;[sound:NewEnglishFileIntHU411274A.mp3];X;7C
411275;vasaló  (n);iron;[sound:NewEnglishFileIntHU411275A.mp3];X;7C
411276;irányít, igazgat ;manage;[sound:NewEnglishFileIntHU411276A.mp3];X;7C
411277;elmulaszt vmit ;miss something;[sound:NewEnglishFileIntHU411277A.mp3];X;7C
411278;rémálom ;nightmare;[sound:NewEnglishFileIntHU411278A.mp3];X;7C
411279;kvíz műsor ;quiz show;[sound:NewEnglishFileIntHU411279A.mp3];X;7C
411280;valóság show ;reality show;[sound:NewEnglishFileIntHU411280A.mp3];X;7C
411281;ütemterv, menetrend, órarend  ;schedule;[sound:NewEnglishFileIntHU411281A.mp3];X;7C
411282;szappan, mosópor ;soap;[sound:NewEnglishFileIntHU411282A.mp3];X;7C
411283;üzlet, bolt  (n);store;[sound:NewEnglishFileIntHU411283A.mp3];X;7C
411284;felsöpri a padlót ;sweep the floor;[sound:NewEnglishFileIntHU411284A.mp3];X;7C
411285;törülköző ;towel;[sound:NewEnglishFileIntHU411285A.mp3];X;7C
411286;tévécsatorna ;TV channel;[sound:NewEnglishFileIntHU411286A.mp3];X;7C
411287;kút  (n);well;[sound:NewEnglishFileIntHU411287A.mp3];X;7C
